market_idx,title_start,title_end,slug,outcome,move_time,move_pp,from_price,to_price,size,explanation,near_chart_events,near_actionable_tweets,near_context_tweets,review_note
5,2024-12-23,2024-12-31,will-microstrategy-purchase-more-bitcoin-in-2024-dec-23,YES,2024-12-29T13:01:42Z,33.6,0.4,0.7359,1144.26,near_actionable_saylor_signal,2024-12-29T13:01:32Z hint_yes_strong 强买入暗示: Disconcerting blue lines on https://t.co/Bx3917zMqi . pic.twitter.com/xPl4GTKU3E,2024-12-29T13:01:32.795000Z hint_yes_strong Disconcerting blue lines on https://t.co/Bx3917zMqi . pic.twitter.com/xPl4GTKU3E,,90分钟内有可行动/弱方向 Saylor 信号，价格突变大概率是推文或确认被交易。
8,2025-01-13,2025-01-20,microstrategy-purchases-more-bitcoin-before-inauguration,NO,2025-01-13T21:40:13Z,55.0,0.37,0.92,1.15,near_market_open_microstructure,,,,发生在开盘4小时内，优先按开盘流动性/盘口重估处理。
8,2025-01-13,2025-01-20,microstrategy-purchases-more-bitcoin-before-inauguration,NO,2025-01-13T23:12:33Z,43.9,0.3,0.7393,505.0,near_market_open_microstructure,,,,发生在开盘4小时内，优先按开盘流动性/盘口重估处理。
8,2025-01-13,2025-01-20,microstrategy-purchases-more-bitcoin-before-inauguration,NO,2025-01-19T13:20:06Z,26.0,0.23,0.49,39.21,no_nearby_saylor_signal_likely_orderbook_or_liquidity,,,,未找到邻近 Saylor 信号，且成交规模较小，偏薄流动性表观跳动。
8,2025-01-13,2025-01-20,microstrategy-purchases-more-bitcoin-before-inauguration,NO,2025-01-19T14:11:42Z,32.5,0.415,0.74,100.0,no_nearby_saylor_signal_likely_orderbook_or_liquidity,,,,未找到邻近 Saylor 信号，且成交规模较小，偏薄流动性表观跳动。
8,2025-01-13,2025-01-20,microstrategy-purchases-more-bitcoin-before-inauguration,NO,2025-01-20T13:08:44Z,51.8,0.2016,0.72,10.0,context_tweets_only_no_directional_signal,,,"2025-01-20T13:20:21.725000Z context_policy Switching to orange dots to celebrate the Inauguration of @realDonaldTrump , The 1st Bitcoin President! pic.twitter.com/5dxCVwKSFR",90分钟内只有融资、政策、泛BTC或历史背景帖；能解释市场注意力，但不是买入/不买信号。
8,2025-01-13,2025-01-20,microstrategy-purchases-more-bitcoin-before-inauguration,NO,2025-01-20T13:09:38Z,-32.0,0.72,0.4,25.0,context_tweets_only_no_directional_signal,,,"2025-01-20T13:20:21.725000Z context_policy Switching to orange dots to celebrate the Inauguration of @realDonaldTrump , The 1st Bitcoin President! pic.twitter.com/5dxCVwKSFR",90分钟内只有融资、政策、泛BTC或历史背景帖；能解释市场注意力，但不是买入/不买信号。
8,2025-01-13,2025-01-20,microstrategy-purchases-more-bitcoin-before-inauguration,NO,2025-01-20T13:13:54Z,31.0,0.16,0.47,8.0,context_tweets_only_no_directional_signal,,,"2025-01-20T13:20:21.725000Z context_policy Switching to orange dots to celebrate the Inauguration of @realDonaldTrump , The 1st Bitcoin President! pic.twitter.com/5dxCVwKSFR",90分钟内只有融资、政策、泛BTC或历史背景帖；能解释市场注意力，但不是买入/不买信号。
8,2025-01-13,2025-01-20,microstrategy-purchases-more-bitcoin-before-inauguration,NO,2025-01-20T13:14:00Z,-31.9,0.47,0.151,4663.08,context_tweets_only_no_directional_signal,,,"2025-01-20T13:20:21.725000Z context_policy Switching to orange dots to celebrate the Inauguration of @realDonaldTrump , The 1st Bitcoin President! pic.twitter.com/5dxCVwKSFR",90分钟内只有融资、政策、泛BTC或历史背景帖；能解释市场注意力，但不是买入/不买信号。
8,2025-01-13,2025-01-20,microstrategy-purchases-more-bitcoin-before-inauguration,NO,2025-01-20T13:58:35Z,38.8,0.3287,0.7166,2723.03,context_tweets_only_no_directional_signal,,,"2025-01-20T13:20:21.725000Z context_policy Switching to orange dots to celebrate the Inauguration of @realDonaldTrump , The 1st Bitcoin President! pic.twitter.com/5dxCVwKSFR",90分钟内只有融资、政策、泛BTC或历史背景帖；能解释市场注意力，但不是买入/不买信号。
8,2025-01-13,2025-01-20,microstrategy-purchases-more-bitcoin-before-inauguration,NO,2025-01-20T14:06:01Z,-26.1,0.5,0.2387,160.0,context_tweets_only_no_directional_signal,,,"2025-01-20T13:20:21.725000Z context_policy Switching to orange dots to celebrate the Inauguration of @realDonaldTrump , The 1st Bitcoin President! pic.twitter.com/5dxCVwKSFR",90分钟内只有融资、政策、泛BTC或历史背景帖；能解释市场注意力，但不是买入/不买信号。
11,2025-01-28,2025-02-03,will-microstrategy-purchase-more-bitcoin-by-monday,NO,2025-02-02T13:46:00Z,-30.4,0.42,0.1158,5577.34,context_tweets_only_no_directional_signal,,,2025-02-02T13:36:40.292000Z context_bitcoin_general Never sell your Bitcoin.,90分钟内只有融资、政策、泛BTC或历史背景帖；能解释市场注意力，但不是买入/不买信号。
11,2025-01-28,2025-02-03,will-microstrategy-purchase-more-bitcoin-by-monday,NO,2025-02-02T13:47:06Z,29.0,0.1,0.39,89.65,context_tweets_only_no_directional_signal,,,2025-02-02T13:36:40.292000Z context_bitcoin_general Never sell your Bitcoin.,90分钟内只有融资、政策、泛BTC或历史背景帖；能解释市场注意力，但不是买入/不买信号。
12,2025-02-04,2025-02-05,will-microstrategy-purchase-more-bitcoin-by-wednesday,NO,2025-02-04T21:43:57Z,-41.0,0.5,0.09,10.99,near_market_open_microstructure,,,,发生在开盘4小时内，优先按开盘流动性/盘口重估处理。
12,2025-02-04,2025-02-05,will-microstrategy-purchase-more-bitcoin-by-wednesday,NO,2025-02-05T00:35:18Z,26.8,0.09,0.3583,6560.0,near_market_open_microstructure,,,,发生在开盘4小时内，优先按开盘流动性/盘口重估处理。
13,2025-02-04,2025-02-10,will-microstrategy-purchase-bitcoin-feb-4-10,YES,2025-02-09T14:39:05Z,61.5,0.3,0.9154,3771.92,near_actionable_saylor_signal,2025-02-09T14:38:57Z hint_yes_strong 强买入暗示: Death to the blue lines. Long live the green dots. pic.twitter.com/SOtFHRoykd,2025-02-09T14:38:57.826000Z hint_yes_strong Death to the blue lines. Long live the green dots. pic.twitter.com/SOtFHRoykd,2025-02-09T14:59:40.983000Z context_bitcoin_general Institutional acceptance of Bitcoin is accelerating.,90分钟内有可行动/弱方向 Saylor 信号，价格突变大概率是推文或确认被交易。
15,2025-02-18,2025-02-24,will-strategy-purchase-bitcoin-feb-18-24,YES,2025-02-18T21:04:00Z,-27.3,0.7373,0.4641,30.23,context_tweets_only_no_directional_signal,,,2025-02-18T21:04:22.303000Z context_funding Strategy Announces Proposed Private Offering of $2.0B of Convertible Senior Notes. $MSTR https://t.co/EBOMdLlgdq | 2025-02-18T22:01:22.024000Z context_funding Qualified Institutional Buyers (QIBs) interested in learning more about the proposed private offering of convertible senior notes launched by @Strategy to,90分钟内只有融资、政策、泛BTC或历史背景帖；能解释市场注意力，但不是买入/不买信号。
15,2025-02-18,2025-02-24,will-strategy-purchase-bitcoin-feb-18-24,YES,2025-02-18T21:05:12Z,27.3,0.4641,0.7367,27.15,context_tweets_only_no_directional_signal,,,2025-02-18T21:04:22.303000Z context_funding Strategy Announces Proposed Private Offering of $2.0B of Convertible Senior Notes. $MSTR https://t.co/EBOMdLlgdq | 2025-02-18T22:01:22.024000Z context_funding Qualified Institutional Buyers (QIBs) interested in learning more about the proposed private offering of convertible senior notes launched by @Strategy to,90分钟内只有融资、政策、泛BTC或历史背景帖；能解释市场注意力，但不是买入/不买信号。
15,2025-02-18,2025-02-24,will-strategy-purchase-bitcoin-feb-18-24,YES,2025-02-21T21:12:59Z,-51.0,0.67,0.16,2.38,no_nearby_saylor_signal_likely_orderbook_or_liquidity,,,,未找到邻近 Saylor 信号，但10分钟内有反向跳动，偏订单簿/薄流动性来回扫单。
15,2025-02-18,2025-02-24,will-strategy-purchase-bitcoin-feb-18-24,YES,2025-02-21T21:14:33Z,50.0,0.16,0.66,3.0,no_nearby_saylor_signal_likely_orderbook_or_liquidity,,,,未找到邻近 Saylor 信号，但10分钟内有反向跳动，偏订单簿/薄流动性来回扫单。
15,2025-02-18,2025-02-24,will-strategy-purchase-bitcoin-feb-18-24,YES,2025-02-23T13:54:12Z,-31.6,0.8156,0.5,13.5,near_actionable_saylor_signal,2025-02-23T13:53:47Z hint_yes_strong 强买入暗示: I don't think this reflects what I got done last week. pic.twitter.com/57Qe7QfwKm,2025-02-23T13:53:47.313000Z hint_yes_strong I don't think this reflects what I got done last week. pic.twitter.com/57Qe7QfwKm,,90分钟内有可行动/弱方向 Saylor 信号，价格突变大概率是推文或确认被交易。
15,2025-02-18,2025-02-24,will-strategy-purchase-bitcoin-feb-18-24,YES,2025-02-23T13:54:20Z,-28.9,0.4999,0.2111,2534.8,near_actionable_saylor_signal,2025-02-23T13:53:47Z hint_yes_strong 强买入暗示: I don't think this reflects what I got done last week. pic.twitter.com/57Qe7QfwKm,2025-02-23T13:53:47.313000Z hint_yes_strong I don't think this reflects what I got done last week. pic.twitter.com/57Qe7QfwKm,,90分钟内有可行动/弱方向 Saylor 信号，价格突变大概率是推文或确认被交易。
15,2025-02-18,2025-02-24,will-strategy-purchase-bitcoin-feb-18-24,YES,2025-02-23T13:54:22Z,28.9,0.2111,0.5,12.0,near_actionable_saylor_signal,2025-02-23T13:53:47Z hint_yes_strong 强买入暗示: I don't think this reflects what I got done last week. pic.twitter.com/57Qe7QfwKm,2025-02-23T13:53:47.313000Z hint_yes_strong I don't think this reflects what I got done last week. pic.twitter.com/57Qe7QfwKm,,90分钟内有可行动/弱方向 Saylor 信号，价格突变大概率是推文或确认被交易。
15,2025-02-18,2025-02-24,will-strategy-purchase-bitcoin-feb-18-24,YES,2025-02-23T13:54:40Z,39.9,0.5,0.8991,2549.49,near_actionable_saylor_signal,2025-02-23T13:53:47Z hint_yes_strong 强买入暗示: I don't think this reflects what I got done last week. pic.twitter.com/57Qe7QfwKm,2025-02-23T13:53:47.313000Z hint_yes_strong I don't think this reflects what I got done last week. pic.twitter.com/57Qe7QfwKm,,90分钟内有可行动/弱方向 Saylor 信号，价格突变大概率是推文或确认被交易。
15,2025-02-18,2025-02-24,will-strategy-purchase-bitcoin-feb-18-24,YES,2025-02-24T12:40:28Z,-53.9,0.96,0.421,62.61,near_actionable_saylor_signal,"2025-02-24T13:00:09Z sec_yes SEC 8-K: +20,356 BTC | 2025-02-24T13:04:44Z confirm_yes 官方确认买入: Strategy has acquired 20,356 BTC for ~$1.99B at ~$97,514 per bitcoin and has achieved BTC Yield of 6.9% YTD 2025. As","2025-02-24T13:04:44.631000Z confirm_yes Strategy has acquired 20,356 BTC for ~$1.99B at ~$97,514 per bitcoin and has achieved BTC Yield of 6.9% YTD 2025. As of 2/23/2025, we hodl 499,096 $BTC ac","2025-02-24T12:35:48.358000Z context_funding Strategy has completed a $2 billion offering of convertible notes at 0% coupon and 35% premium, with an implied strike price of ~$433.43. $MSTR https://t. | 2025-02-24T13:53:04.279000Z context_bitcoin_general We have a @strategy to exceed that target.",90分钟内有可行动/弱方向 Saylor 信号，价格突变大概率是推文或确认被交易。
15,2025-02-18,2025-02-24,will-strategy-purchase-bitcoin-feb-18-24,YES,2025-02-24T12:41:38Z,38.0,0.42,0.8,5489.94,near_actionable_saylor_signal,"2025-02-24T13:00:09Z sec_yes SEC 8-K: +20,356 BTC | 2025-02-24T13:04:44Z confirm_yes 官方确认买入: Strategy has acquired 20,356 BTC for ~$1.99B at ~$97,514 per bitcoin and has achieved BTC Yield of 6.9% YTD 2025. As","2025-02-24T13:04:44.631000Z confirm_yes Strategy has acquired 20,356 BTC for ~$1.99B at ~$97,514 per bitcoin and has achieved BTC Yield of 6.9% YTD 2025. As of 2/23/2025, we hodl 499,096 $BTC ac","2025-02-24T12:35:48.358000Z context_funding Strategy has completed a $2 billion offering of convertible notes at 0% coupon and 35% premium, with an implied strike price of ~$433.43. $MSTR https://t. | 2025-02-24T13:53:04.279000Z context_bitcoin_general We have a @strategy to exceed that target.",90分钟内有可行动/弱方向 Saylor 信号，价格突变大概率是推文或确认被交易。
16,2025-02-25,2025-03-03,will-strategy-purchase-bitcoin-feb-25-mar-3,NO,2025-02-25T07:27:31Z,-28.1,0.73,0.4491,27.53,no_nearby_saylor_signal_likely_orderbook_or_liquidity,,,,未找到邻近 Saylor 信号，但10分钟内有反向跳动，偏订单簿/薄流动性来回扫单。
16,2025-02-25,2025-03-03,will-strategy-purchase-bitcoin-feb-25-mar-3,NO,2025-02-25T07:28:13Z,27.1,0.4491,0.72,11.11,no_nearby_saylor_signal_likely_orderbook_or_liquidity,,,,未找到邻近 Saylor 信号，但10分钟内有反向跳动，偏订单簿/薄流动性来回扫单。
16,2025-02-25,2025-03-03,will-strategy-purchase-bitcoin-feb-25-mar-3,NO,2025-03-02T14:12:05Z,27.0,0.1202,0.39,90.0,near_actionable_saylor_signal,"2025-03-02T15:39:46Z hint_yes_weak 弱买入暗示: Buy Bitcoin, not Bombs.","2025-03-02T15:39:46.833000Z hint_yes_weak Buy Bitcoin, not Bombs.",,90分钟内有可行动/弱方向 Saylor 信号，价格突变大概率是推文或确认被交易。
18,2025-03-11,2025-03-17,will-strategy-purchase-bitcoin-feb-mar-11-17,YES,2025-03-16T14:09:52Z,-27.0,0.36,0.09,121.98,context_tweets_only_no_directional_signal,,,2025-03-16T14:09:41.920000Z context_bitcoin_general Bitcoin is a Digital Energy Network. pic.twitter.com/RdEat2tQcy,90分钟内只有融资、政策、泛BTC或历史背景帖；能解释市场注意力，但不是买入/不买信号。
18,2025-03-11,2025-03-17,will-strategy-purchase-bitcoin-feb-mar-11-17,YES,2025-03-17T12:01:35Z,32.7,0.0301,0.3576,283.16,near_actionable_saylor_signal,"2025-03-17T12:00:10Z sec_yes SEC 8-K: +130 BTC | 2025-03-17T12:07:32Z confirm_yes 官方确认买入: Strategy has acquired 130 BTC for ~$10.7M at ~$82,981 per bitcoin and has achieved BTC Yield of 6.9% YTD 2025. As of","2025-03-17T12:07:32.542000Z confirm_yes Strategy has acquired 130 BTC for ~$10.7M at ~$82,981 per bitcoin and has achieved BTC Yield of 6.9% YTD 2025. As of 3/16/2025, we hodl 499,226 $BTC acqui",,90分钟内有可行动/弱方向 Saylor 信号，价格突变大概率是推文或确认被交易。
18,2025-03-11,2025-03-17,will-strategy-purchase-bitcoin-feb-mar-11-17,YES,2025-03-17T12:01:39Z,27.9,0.469,0.7478,983.41,near_actionable_saylor_signal,"2025-03-17T12:00:10Z sec_yes SEC 8-K: +130 BTC | 2025-03-17T12:07:32Z confirm_yes 官方确认买入: Strategy has acquired 130 BTC for ~$10.7M at ~$82,981 per bitcoin and has achieved BTC Yield of 6.9% YTD 2025. As of","2025-03-17T12:07:32.542000Z confirm_yes Strategy has acquired 130 BTC for ~$10.7M at ~$82,981 per bitcoin and has achieved BTC Yield of 6.9% YTD 2025. As of 3/16/2025, we hodl 499,226 $BTC acqui",,90分钟内有可行动/弱方向 Saylor 信号，价格突变大概率是推文或确认被交易。
19,2025-03-18,2025-03-24,will-strategy-purchase-bitcoin-mar-18-24,YES,2025-03-23T12:58:35Z,34.0,0.6147,0.9547,1690.0,near_actionable_saylor_signal,2025-03-23T12:58:22Z hint_yes_strong 强买入暗示: Needs more Orange. pic.twitter.com/BRyWs1ey80,2025-03-23T12:58:22.773000Z hint_yes_strong Needs more Orange. pic.twitter.com/BRyWs1ey80,,90分钟内有可行动/弱方向 Saylor 信号，价格突变大概率是推文或确认被交易。
19,2025-03-18,2025-03-24,will-strategy-purchase-bitcoin-mar-18-24,YES,2025-03-23T12:58:35Z,-29.2,0.9547,0.6625,2222.67,near_actionable_saylor_signal,2025-03-23T12:58:22Z hint_yes_strong 强买入暗示: Needs more Orange. pic.twitter.com/BRyWs1ey80,2025-03-23T12:58:22.773000Z hint_yes_strong Needs more Orange. pic.twitter.com/BRyWs1ey80,,90分钟内有可行动/弱方向 Saylor 信号，价格突变大概率是推文或确认被交易。
19,2025-03-18,2025-03-24,will-strategy-purchase-bitcoin-mar-18-24,YES,2025-03-23T12:58:45Z,30.5,0.6625,0.9674,6057.69,near_actionable_saylor_signal,2025-03-23T12:58:22Z hint_yes_strong 强买入暗示: Needs more Orange. pic.twitter.com/BRyWs1ey80,2025-03-23T12:58:22.773000Z hint_yes_strong Needs more Orange. pic.twitter.com/BRyWs1ey80,,90分钟内有可行动/弱方向 Saylor 信号，价格突变大概率是推文或确认被交易。
23,2025-04-01,2025-04-07,will-microstrategy-purchase-bitcoin-april-1-7,NO,2025-04-06T13:04:46Z,27.1,0.2893,0.56,35.71,no_nearby_saylor_signal_likely_orderbook_or_liquidity,,,,未找到邻近 Saylor 信号，但10分钟内有反向跳动，偏订单簿/薄流动性来回扫单。
23,2025-04-01,2025-04-07,will-microstrategy-purchase-bitcoin-april-1-7,NO,2025-04-06T13:04:58Z,-26.0,0.56,0.3001,555.0,no_nearby_saylor_signal_likely_orderbook_or_liquidity,,,,未找到邻近 Saylor 信号，但10分钟内有反向跳动，偏订单簿/薄流动性来回扫单。
23,2025-04-01,2025-04-07,will-microstrategy-purchase-bitcoin-april-1-7,NO,2025-04-06T13:06:02Z,28.2,0.2178,0.5,40.0,no_nearby_saylor_signal_likely_orderbook_or_liquidity,,,,未找到邻近 Saylor 信号，但10分钟内有反向跳动，偏订单簿/薄流动性来回扫单。
23,2025-04-01,2025-04-07,will-microstrategy-purchase-bitcoin-april-1-7,NO,2025-04-07T06:54:23Z,40.7,0.21,0.6167,145.71,no_nearby_saylor_signal_likely_orderbook_or_liquidity,,,,未找到邻近 Saylor 信号，但10分钟内有反向跳动，偏订单簿/薄流动性来回扫单。
23,2025-04-01,2025-04-07,will-microstrategy-purchase-bitcoin-april-1-7,NO,2025-04-07T06:58:43Z,-28.7,0.6167,0.33,5.0,no_nearby_saylor_signal_likely_orderbook_or_liquidity,,,,未找到邻近 Saylor 信号，但10分钟内有反向跳动，偏订单簿/薄流动性来回扫单。
24,2025-04-08,2025-04-14,will-microstrategy-purchase-bitcoin-april-8-14,YES,2025-04-08T18:21:20Z,28.0,0.39,0.67,7.46,near_market_open_microstructure,,,,发生在开盘4小时内，优先按开盘流动性/盘口重估处理。
24,2025-04-08,2025-04-14,will-microstrategy-purchase-bitcoin-april-8-14,YES,2025-04-08T19:57:19Z,-31.1,0.67,0.3586,23.38,no_nearby_saylor_signal_likely_orderbook_or_liquidity,,,,未找到邻近 Saylor 信号，且成交规模较小，偏薄流动性表观跳动。
24,2025-04-08,2025-04-14,will-microstrategy-purchase-bitcoin-april-8-14,YES,2025-04-13T13:17:35Z,53.9,0.24,0.7793,1924.91,near_actionable_saylor_signal,2025-04-13T13:17:25Z hint_yes_strong 强买入暗示: No Tariffs on Orange Dots pic.twitter.com/Cg3bCVPMcM,2025-04-13T13:17:25.607000Z hint_yes_strong No Tariffs on Orange Dots pic.twitter.com/Cg3bCVPMcM,,90分钟内有可行动/弱方向 Saylor 信号，价格突变大概率是推文或确认被交易。
25,2025-04-15,2025-04-21,will-microstrategy-purchase-bitcoin-april-15-21,YES,2025-04-14T16:15:40Z,35.0,0.5,0.85,1.18,pre_title_window_orderbook,,,,发生在题目日期窗口开始前，通常是新市场提前开盘后的订单簿重定价，不应用标题窗口内推文解释。
25,2025-04-15,2025-04-21,will-microstrategy-purchase-bitcoin-april-15-21,YES,2025-04-20T12:33:05Z,59.0,0.37,0.9596,10000.0,near_actionable_saylor_signal,2025-04-20T12:32:58Z hint_yes_strong 强买入暗示: Insufficient Orange. pic.twitter.com/Gz36jJELBs,2025-04-20T12:32:58.302000Z hint_yes_strong Insufficient Orange. pic.twitter.com/Gz36jJELBs,,90分钟内有可行动/弱方向 Saylor 信号，价格突变大概率是推文或确认被交易。
25,2025-04-15,2025-04-21,will-microstrategy-purchase-bitcoin-april-15-21,YES,2025-04-20T12:33:05Z,-27.7,0.9596,0.6823,3400.0,near_actionable_saylor_signal,2025-04-20T12:32:58Z hint_yes_strong 强买入暗示: Insufficient Orange. pic.twitter.com/Gz36jJELBs,2025-04-20T12:32:58.302000Z hint_yes_strong Insufficient Orange. pic.twitter.com/Gz36jJELBs,,90分钟内有可行动/弱方向 Saylor 信号，价格突变大概率是推文或确认被交易。
27,2025-04-29,2025-05-05,will-microstrategy-purchase-bitcoin-april-29-may-5,YES,2025-04-28T16:40:58Z,69.0,0.01,0.7,33.33,pre_title_window_orderbook,,,,发生在题目日期窗口开始前，通常是新市场提前开盘后的订单簿重定价，不应用标题窗口内推文解释。
27,2025-04-29,2025-05-05,will-microstrategy-purchase-bitcoin-april-29-may-5,YES,2025-04-28T17:05:32Z,-27.0,0.8,0.5302,1064.26,pre_title_window_orderbook,,,,发生在题目日期窗口开始前，通常是新市场提前开盘后的订单簿重定价，不应用标题窗口内推文解释。
27,2025-04-29,2025-05-05,will-microstrategy-purchase-bitcoin-april-29-may-5,YES,2025-05-04T13:37:57Z,-40.0,0.75,0.35,1000.0,near_actionable_saylor_signal,"2025-05-04T13:53:59Z hint_yes_strong 强买入暗示: Too much blue, not enough orange. pic.twitter.com/s1L6tWfC14","2025-05-04T13:53:59.810000Z hint_yes_strong Too much blue, not enough orange. pic.twitter.com/s1L6tWfC14",,90分钟内有可行动/弱方向 Saylor 信号，价格突变大概率是推文或确认被交易。
27,2025-04-29,2025-05-05,will-microstrategy-purchase-bitcoin-april-29-may-5,YES,2025-05-04T13:38:27Z,32.0,0.35,0.67,15.0,near_actionable_saylor_signal,"2025-05-04T13:53:59Z hint_yes_strong 强买入暗示: Too much blue, not enough orange. pic.twitter.com/s1L6tWfC14","2025-05-04T13:53:59.810000Z hint_yes_strong Too much blue, not enough orange. pic.twitter.com/s1L6tWfC14",,90分钟内有可行动/弱方向 Saylor 信号，价格突变大概率是推文或确认被交易。
27,2025-04-29,2025-05-05,will-microstrategy-purchase-bitcoin-april-29-may-5,YES,2025-05-04T13:41:37Z,34.0,0.4,0.74,2.47,near_actionable_saylor_signal,"2025-05-04T13:53:59Z hint_yes_strong 强买入暗示: Too much blue, not enough orange. pic.twitter.com/s1L6tWfC14","2025-05-04T13:53:59.810000Z hint_yes_strong Too much blue, not enough orange. pic.twitter.com/s1L6tWfC14",,90分钟内有可行动/弱方向 Saylor 信号，价格突变大概率是推文或确认被交易。
27,2025-04-29,2025-05-05,will-microstrategy-purchase-bitcoin-april-29-may-5,YES,2025-05-04T13:45:37Z,-29.7,0.63,0.3332,3353.0,near_actionable_saylor_signal,"2025-05-04T13:53:59Z hint_yes_strong 强买入暗示: Too much blue, not enough orange. pic.twitter.com/s1L6tWfC14","2025-05-04T13:53:59.810000Z hint_yes_strong Too much blue, not enough orange. pic.twitter.com/s1L6tWfC14",,90分钟内有可行动/弱方向 Saylor 信号，价格突变大概率是推文或确认被交易。
27,2025-04-29,2025-05-05,will-microstrategy-purchase-bitcoin-april-29-may-5,YES,2025-05-04T13:52:31Z,25.3,0.4341,0.6868,190.0,near_actionable_saylor_signal,"2025-05-04T13:53:59Z hint_yes_strong 强买入暗示: Too much blue, not enough orange. pic.twitter.com/s1L6tWfC14","2025-05-04T13:53:59.810000Z hint_yes_strong Too much blue, not enough orange. pic.twitter.com/s1L6tWfC14",,90分钟内有可行动/弱方向 Saylor 信号，价格突变大概率是推文或确认被交易。
27,2025-04-29,2025-05-05,will-microstrategy-purchase-bitcoin-april-29-may-5,YES,2025-05-04T13:54:07Z,34.9,0.619,0.9678,2950.0,near_actionable_saylor_signal,"2025-05-04T13:53:59Z hint_yes_strong 强买入暗示: Too much blue, not enough orange. pic.twitter.com/s1L6tWfC14","2025-05-04T13:53:59.810000Z hint_yes_strong Too much blue, not enough orange. pic.twitter.com/s1L6tWfC14",,90分钟内有可行动/弱方向 Saylor 信号，价格突变大概率是推文或确认被交易。
30,2025-05-20,2025-05-26,will-microstrategy-purchase-bitcoin-may-20-26,YES,2025-05-19T15:05:14Z,30.2,0.46,0.7616,7083.0,pre_title_window_orderbook,,,,发生在题目日期窗口开始前，通常是新市场提前开盘后的订单簿重定价，不应用标题窗口内推文解释。
30,2025-05-20,2025-05-26,will-microstrategy-purchase-bitcoin-may-20-26,YES,2025-05-19T17:02:18Z,27.0,0.31,0.58,51.72,pre_title_window_orderbook,,,,发生在题目日期窗口开始前，通常是新市场提前开盘后的订单簿重定价，不应用标题窗口内推文解释。
30,2025-05-20,2025-05-26,will-microstrategy-purchase-bitcoin-may-20-26,YES,2025-05-26T12:00:35Z,36.4,0.4,0.7637,653.36,near_actionable_saylor_signal,"2025-05-26T12:02:21Z confirm_yes 官方确认买入: Strategy has acquired 4,020 BTC for ~$427.1 million at ~$106,237 per bitcoin and has achieved BTC Yield of 16.8% YTD","2025-05-26T12:02:21.718000Z confirm_yes Strategy has acquired 4,020 BTC for ~$427.1 million at ~$106,237 per bitcoin and has achieved BTC Yield of 16.8% YTD 2025. As of 5/25/2025, we hodl 580,25",,90分钟内有可行动/弱方向 Saylor 信号，价格突变大概率是推文或确认被交易。
31,2025-05-27,2025-06-02,will-microstrategy-purchase-bitcoin-may-27-june-2,YES,2025-05-26T09:13:47Z,-25.0,0.8,0.55,2.0,pre_title_window_orderbook,,,,发生在题目日期窗口开始前，通常是新市场提前开盘后的订单簿重定价，不应用标题窗口内推文解释。
31,2025-05-27,2025-06-02,will-microstrategy-purchase-bitcoin-may-27-june-2,YES,2025-05-26T09:13:53Z,25.0,0.55,0.8,2.5,pre_title_window_orderbook,,,,发生在题目日期窗口开始前，通常是新市场提前开盘后的订单簿重定价，不应用标题窗口内推文解释。
32,2025-06-03,2025-06-09,will-microstrategy-purchase-bitcoin-june-3-9,YES,2025-06-02T20:45:09Z,36.0,0.51,0.87,344.83,pre_title_window_orderbook,,,,发生在题目日期窗口开始前，通常是新市场提前开盘后的订单簿重定价，不应用标题窗口内推文解释。
36,2025-07-01,2025-07-07,will-microstrategy-purchase-bitcoin-july-1-7,NO,2025-07-06T12:15:03Z,70.2,0.2682,0.97,44.57,near_actionable_saylor_signal,2025-07-06T12:14:55Z hint_no_strong 强不买暗示: Some weeks you just need to HODL. pic.twitter.com/rVcFQkFoG0,2025-07-06T12:14:55.599000Z hint_no_strong Some weeks you just need to HODL. pic.twitter.com/rVcFQkFoG0,,90分钟内有可行动/弱方向 Saylor 信号，价格突变大概率是推文或确认被交易。
36,2025-07-01,2025-07-07,will-microstrategy-purchase-bitcoin-july-1-7,NO,2025-07-06T12:16:21Z,-38.8,0.948,0.5595,2439.14,near_actionable_saylor_signal,2025-07-06T12:14:55Z hint_no_strong 强不买暗示: Some weeks you just need to HODL. pic.twitter.com/rVcFQkFoG0,2025-07-06T12:14:55.599000Z hint_no_strong Some weeks you just need to HODL. pic.twitter.com/rVcFQkFoG0,,90分钟内有可行动/弱方向 Saylor 信号，价格突变大概率是推文或确认被交易。
36,2025-07-01,2025-07-07,will-microstrategy-purchase-bitcoin-july-1-7,NO,2025-07-06T12:16:35Z,34.1,0.5595,0.9,7.17,near_actionable_saylor_signal,2025-07-06T12:14:55Z hint_no_strong 强不买暗示: Some weeks you just need to HODL. pic.twitter.com/rVcFQkFoG0,2025-07-06T12:14:55.599000Z hint_no_strong Some weeks you just need to HODL. pic.twitter.com/rVcFQkFoG0,,90分钟内有可行动/弱方向 Saylor 信号，价格突变大概率是推文或确认被交易。
36,2025-07-01,2025-07-07,will-microstrategy-purchase-bitcoin-july-1-7,NO,2025-07-06T12:17:09Z,41.9,0.52,0.939,20000.0,near_actionable_saylor_signal,2025-07-06T12:14:55Z hint_no_strong 强不买暗示: Some weeks you just need to HODL. pic.twitter.com/rVcFQkFoG0,2025-07-06T12:14:55.599000Z hint_no_strong Some weeks you just need to HODL. pic.twitter.com/rVcFQkFoG0,,90分钟内有可行动/弱方向 Saylor 信号，价格突变大概率是推文或确认被交易。
36,2025-07-01,2025-07-07,will-microstrategy-purchase-bitcoin-july-1-7,NO,2025-07-06T12:17:33Z,-43.0,0.82,0.39,8.2,near_actionable_saylor_signal,2025-07-06T12:14:55Z hint_no_strong 强不买暗示: Some weeks you just need to HODL. pic.twitter.com/rVcFQkFoG0,2025-07-06T12:14:55.599000Z hint_no_strong Some weeks you just need to HODL. pic.twitter.com/rVcFQkFoG0,,90分钟内有可行动/弱方向 Saylor 信号，价格突变大概率是推文或确认被交易。
36,2025-07-01,2025-07-07,will-microstrategy-purchase-bitcoin-july-1-7,NO,2025-07-06T12:17:43Z,35.7,0.4629,0.82,193.56,near_actionable_saylor_signal,2025-07-06T12:14:55Z hint_no_strong 强不买暗示: Some weeks you just need to HODL. pic.twitter.com/rVcFQkFoG0,2025-07-06T12:14:55.599000Z hint_no_strong Some weeks you just need to HODL. pic.twitter.com/rVcFQkFoG0,,90分钟内有可行动/弱方向 Saylor 信号，价格突变大概率是推文或确认被交易。
36,2025-07-01,2025-07-07,will-microstrategy-purchase-bitcoin-july-1-7,NO,2025-07-06T12:17:53Z,-32.8,0.87,0.542,1000.0,near_actionable_saylor_signal,2025-07-06T12:14:55Z hint_no_strong 强不买暗示: Some weeks you just need to HODL. pic.twitter.com/rVcFQkFoG0,2025-07-06T12:14:55.599000Z hint_no_strong Some weeks you just need to HODL. pic.twitter.com/rVcFQkFoG0,,90分钟内有可行动/弱方向 Saylor 信号，价格突变大概率是推文或确认被交易。
36,2025-07-01,2025-07-07,will-microstrategy-purchase-bitcoin-july-1-7,NO,2025-07-06T12:18:03Z,35.0,0.5,0.8498,17767.27,near_actionable_saylor_signal,2025-07-06T12:14:55Z hint_no_strong 强不买暗示: Some weeks you just need to HODL. pic.twitter.com/rVcFQkFoG0,2025-07-06T12:14:55.599000Z hint_no_strong Some weeks you just need to HODL. pic.twitter.com/rVcFQkFoG0,,90分钟内有可行动/弱方向 Saylor 信号，价格突变大概率是推文或确认被交易。
36,2025-07-01,2025-07-07,will-microstrategy-purchase-bitcoin-july-1-7,NO,2025-07-06T12:18:07Z,-45.6,0.8498,0.3941,1453.87,near_actionable_saylor_signal,2025-07-06T12:14:55Z hint_no_strong 强不买暗示: Some weeks you just need to HODL. pic.twitter.com/rVcFQkFoG0,2025-07-06T12:14:55.599000Z hint_no_strong Some weeks you just need to HODL. pic.twitter.com/rVcFQkFoG0,,90分钟内有可行动/弱方向 Saylor 信号，价格突变大概率是推文或确认被交易。
36,2025-07-01,2025-07-07,will-microstrategy-purchase-bitcoin-july-1-7,NO,2025-07-06T12:18:09Z,46.6,0.3941,0.86,10.65,near_actionable_saylor_signal,2025-07-06T12:14:55Z hint_no_strong 强不买暗示: Some weeks you just need to HODL. pic.twitter.com/rVcFQkFoG0,2025-07-06T12:14:55.599000Z hint_no_strong Some weeks you just need to HODL. pic.twitter.com/rVcFQkFoG0,,90分钟内有可行动/弱方向 Saylor 信号，价格突变大概率是推文或确认被交易。
36,2025-07-01,2025-07-07,will-microstrategy-purchase-bitcoin-july-1-7,NO,2025-07-06T12:18:15Z,-49.0,0.86,0.37,84.33,near_actionable_saylor_signal,2025-07-06T12:14:55Z hint_no_strong 强不买暗示: Some weeks you just need to HODL. pic.twitter.com/rVcFQkFoG0,2025-07-06T12:14:55.599000Z hint_no_strong Some weeks you just need to HODL. pic.twitter.com/rVcFQkFoG0,,90分钟内有可行动/弱方向 Saylor 信号，价格突变大概率是推文或确认被交易。
36,2025-07-01,2025-07-07,will-microstrategy-purchase-bitcoin-july-1-7,NO,2025-07-07T12:00:11Z,36.4,0.0831,0.4473,4567.46,context_tweets_only_no_directional_signal,2025-07-07T11:59:41Z sec_context SEC 8-K: BTC-related update,,"2025-07-07T12:02:57.271000Z context_bitcoin_general $MSTR Reports $14 Billion in Total Bitcoin Fair Value Appreciation in Q2 2025 https://t.co/DVxLsZTvEN | 2025-07-07T12:10:26.447000Z context_bitcoin_general Let's get after bitcoin relentlessly. | 2025-07-07T12:35:45.496000Z context_funding Strategy Announces $4.2 Billion $STRD At-The-Market Program pic.twitter.com/JVIYQmQSpv | 2025-07-07T12:35:45.985000Z context_funding To view the $STRD ATM press release, prospectus, and investor presentation, along with additional information about $MSTR , $STRK , and $STRF , click here",90分钟内只有融资、政策、泛BTC或历史背景帖；能解释市场注意力，但不是买入/不买信号。
36,2025-07-01,2025-07-07,will-microstrategy-purchase-bitcoin-july-1-7,NO,2025-07-07T12:00:13Z,-37.5,0.4473,0.0718,2302.07,context_tweets_only_no_directional_signal,2025-07-07T11:59:41Z sec_context SEC 8-K: BTC-related update,,"2025-07-07T12:02:57.271000Z context_bitcoin_general $MSTR Reports $14 Billion in Total Bitcoin Fair Value Appreciation in Q2 2025 https://t.co/DVxLsZTvEN | 2025-07-07T12:10:26.447000Z context_bitcoin_general Let's get after bitcoin relentlessly. | 2025-07-07T12:35:45.496000Z context_funding Strategy Announces $4.2 Billion $STRD At-The-Market Program pic.twitter.com/JVIYQmQSpv | 2025-07-07T12:35:45.985000Z context_funding To view the $STRD ATM press release, prospectus, and investor presentation, along with additional information about $MSTR , $STRK , and $STRF , click here",90分钟内只有融资、政策、泛BTC或历史背景帖；能解释市场注意力，但不是买入/不买信号。
38,2025-07-15,2025-07-21,will-microstrategy-purchase-bitcoin-july-15-21,YES,2025-07-18T00:14:26Z,-32.0,0.9,0.58,2.15,no_nearby_saylor_signal_likely_orderbook_or_liquidity,,,,未找到邻近 Saylor 信号，且成交规模较小，偏薄流动性表观跳动。
38,2025-07-15,2025-07-21,will-microstrategy-purchase-bitcoin-july-15-21,YES,2025-07-18T00:26:36Z,27.0,0.58,0.85,58.82,no_nearby_saylor_signal_likely_orderbook_or_liquidity,,,,未找到邻近 Saylor 信号，且成交规模较小，偏薄流动性表观跳动。
38,2025-07-15,2025-07-21,will-microstrategy-purchase-bitcoin-july-15-21,YES,2025-07-20T12:17:23Z,25.7,0.7,0.9567,961.95,near_actionable_saylor_signal,2025-07-20T12:17:15Z hint_yes_weak 弱买入暗示: Stay Humble. Stack Sats. pic.twitter.com/aQyxsTXdhO,2025-07-20T12:17:15.602000Z hint_yes_weak Stay Humble. Stack Sats. pic.twitter.com/aQyxsTXdhO,,90分钟内有可行动/弱方向 Saylor 信号，价格突变大概率是推文或确认被交易。
39,2025-07-22,2025-07-28,will-microstrategy-purchase-bitcoin-july-22-28,NO,2025-07-26T13:52:19Z,27.5,0.2,0.4751,53.56,no_nearby_saylor_signal_likely_orderbook_or_liquidity,,,,未找到邻近 Saylor 信号，但10分钟内有反向跳动，偏订单簿/薄流动性来回扫单。
39,2025-07-22,2025-07-28,will-microstrategy-purchase-bitcoin-july-22-28,NO,2025-07-26T13:56:55Z,-36.0,0.59,0.23,18.18,no_nearby_saylor_signal_likely_orderbook_or_liquidity,,,,未找到邻近 Saylor 信号，但10分钟内有反向跳动，偏订单簿/薄流动性来回扫单。
39,2025-07-22,2025-07-28,will-microstrategy-purchase-bitcoin-july-22-28,NO,2025-07-26T13:57:29Z,35.8,0.23,0.5882,170.0,no_nearby_saylor_signal_likely_orderbook_or_liquidity,,,,未找到邻近 Saylor 信号，但10分钟内有反向跳动，偏订单簿/薄流动性来回扫单。
39,2025-07-22,2025-07-28,will-microstrategy-purchase-bitcoin-july-22-28,NO,2025-07-26T14:05:19Z,-25.8,0.5882,0.33,3.5,no_nearby_saylor_signal_likely_orderbook_or_liquidity,,,,未找到邻近 Saylor 信号，但10分钟内有反向跳动，偏订单簿/薄流动性来回扫单。
39,2025-07-22,2025-07-28,will-microstrategy-purchase-bitcoin-july-22-28,NO,2025-07-26T14:05:21Z,26.0,0.33,0.59,26.0,no_nearby_saylor_signal_likely_orderbook_or_liquidity,,,,未找到邻近 Saylor 信号，但10分钟内有反向跳动，偏订单簿/薄流动性来回扫单。
39,2025-07-22,2025-07-28,will-microstrategy-purchase-bitcoin-july-22-28,NO,2025-07-27T12:04:07Z,28.5,0.61,0.8951,2235.97,context_tweets_only_no_directional_signal,,,2025-07-27T12:03:34.444000Z context_bitcoin_general It all began with a quarter billion in bitcoin. pic.twitter.com/Ssbef084YQ,90分钟内只有融资、政策、泛BTC或历史背景帖；能解释市场注意力，但不是买入/不买信号。
39,2025-07-22,2025-07-28,will-microstrategy-purchase-bitcoin-july-22-28,NO,2025-07-27T17:51:35Z,-29.6,0.85,0.5541,53499.45,no_nearby_saylor_signal_likely_orderbook_or_liquidity,,,,未找到邻近 Saylor 信号，但10分钟内有反向跳动，偏订单簿/薄流动性来回扫单。
39,2025-07-22,2025-07-28,will-microstrategy-purchase-bitcoin-july-22-28,NO,2025-07-27T17:52:43Z,29.0,0.5541,0.844,16.54,no_nearby_saylor_signal_likely_orderbook_or_liquidity,,,,未找到邻近 Saylor 信号，但10分钟内有反向跳动，偏订单簿/薄流动性来回扫单。
42,2025-08-12,2025-08-18,will-microstrategy-purchase-bitcoin-august-12-18,YES,2025-08-11T14:52:22Z,38.9,0.5,0.8889,22.5,pre_title_window_orderbook,,,,发生在题目日期窗口开始前，通常是新市场提前开盘后的订单簿重定价，不应用标题窗口内推文解释。
43,2025-08-19,2025-08-25,will-microstrategy-purchase-bitcoin-august-19-25,YES,2025-08-18T10:52:42Z,-89.0,0.99,0.1,1.0,pre_title_window_orderbook,,,,发生在题目日期窗口开始前，通常是新市场提前开盘后的订单簿重定价，不应用标题窗口内推文解释。
43,2025-08-19,2025-08-25,will-microstrategy-purchase-bitcoin-august-19-25,YES,2025-08-18T10:52:48Z,89.0,0.1,0.99,1.01,pre_title_window_orderbook,,,,发生在题目日期窗口开始前，通常是新市场提前开盘后的订单簿重定价，不应用标题窗口内推文解释。
44,2025-08-26,2025-09-01,will-microstrategy-purchase-bitcoin-august-26-september-1,NO,2025-08-26T03:17:57Z,39.0,0.49,0.88,100.0,no_nearby_saylor_signal_likely_orderbook_or_liquidity,,,,未找到邻近 Saylor 信号，且成交规模较小，偏薄流动性表观跳动。
44,2025-08-26,2025-09-01,will-microstrategy-purchase-bitcoin-august-26-september-1,NO,2025-08-26T13:44:25Z,-41.0,0.89,0.48,1.92,context_tweets_only_no_directional_signal,,,2025-08-26T14:55:11.080000Z context_funding $STRD currently offers an Effective Yield of 12.6%. pic.twitter.com/0cRDMksLNK,90分钟内只有融资、政策、泛BTC或历史背景帖；能解释市场注意力，但不是买入/不买信号。
44,2025-08-26,2025-09-01,will-microstrategy-purchase-bitcoin-august-26-september-1,NO,2025-08-26T16:08:41Z,39.0,0.48,0.87,8.77,context_tweets_only_no_directional_signal,,,2025-08-26T14:55:11.080000Z context_funding $STRD currently offers an Effective Yield of 12.6%. pic.twitter.com/0cRDMksLNK,90分钟内只有融资、政策、泛BTC或历史背景帖；能解释市场注意力，但不是买入/不买信号。
44,2025-08-26,2025-09-01,will-microstrategy-purchase-bitcoin-august-26-september-1,NO,2025-09-02T12:03:12Z,33.2,0.078,0.41,1000.0,no_nearby_saylor_signal_likely_orderbook_or_liquidity,"2025-09-02T11:59:26Z sec_yes SEC 8-K: +4,048 BTC",,,90分钟内未找到 Saylor/SEC/背景推文解释；保留为订单流或外部信息待查。
46,2025-09-09,2025-09-15,will-microstrategy-purchase-bitcoin-september-9-15,YES,2025-09-08T15:53:24Z,-82.0,0.86,0.04,1.15,pre_title_window_orderbook,,,,发生在题目日期窗口开始前，通常是新市场提前开盘后的订单簿重定价，不应用标题窗口内推文解释。
46,2025-09-09,2025-09-15,will-microstrategy-purchase-bitcoin-september-9-15,YES,2025-09-08T18:59:46Z,40.0,0.42,0.82,1.22,pre_title_window_orderbook,,,,发生在题目日期窗口开始前，通常是新市场提前开盘后的订单簿重定价，不应用标题窗口内推文解释。
48,2025-09-23,2025-09-29,will-microstrategy-announce-a-bitcoin-purchase-september-23-29,YES,2025-09-22T12:14:26Z,-45.0,0.96,0.51,5.2,pre_title_window_orderbook,,,,发生在题目日期窗口开始前，通常是新市场提前开盘后的订单簿重定价，不应用标题窗口内推文解释。
48,2025-09-23,2025-09-29,will-microstrategy-announce-a-bitcoin-purchase-september-23-29,YES,2025-09-22T12:18:56Z,44.0,0.51,0.9501,5.26,pre_title_window_orderbook,,,,发生在题目日期窗口开始前，通常是新市场提前开盘后的订单簿重定价，不应用标题窗口内推文解释。
49,2025-09-30,2025-10-06,will-microstrategy-announce-a-bitcoin-purchase-september-30-october-6,NO,2025-09-29T17:22:03Z,-46.0,0.98,0.52,20.0,pre_title_window_orderbook,,,,发生在题目日期窗口开始前，通常是新市场提前开盘后的订单簿重定价，不应用标题窗口内推文解释。
49,2025-09-30,2025-10-06,will-microstrategy-announce-a-bitcoin-purchase-september-30-october-6,NO,2025-09-29T17:40:57Z,44.0,0.52,0.96,3.12,pre_title_window_orderbook,,,,发生在题目日期窗口开始前，通常是新市场提前开盘后的订单簿重定价，不应用标题窗口内推文解释。
49,2025-09-30,2025-10-06,will-microstrategy-announce-a-bitcoin-purchase-september-30-october-6,NO,2025-09-29T19:20:19Z,-40.0,0.94,0.54,4.35,pre_title_window_orderbook,,,,发生在题目日期窗口开始前，通常是新市场提前开盘后的订单簿重定价，不应用标题窗口内推文解释。
49,2025-09-30,2025-10-06,will-microstrategy-announce-a-bitcoin-purchase-september-30-october-6,NO,2025-09-29T22:33:29Z,40.0,0.54,0.94,1.06,pre_title_window_orderbook,,,,发生在题目日期窗口开始前，通常是新市场提前开盘后的订单簿重定价，不应用标题窗口内推文解释。
49,2025-09-30,2025-10-06,will-microstrategy-announce-a-bitcoin-purchase-september-30-october-6,NO,2025-10-05T12:15:27Z,-34.0,0.71,0.37,130.0,near_actionable_saylor_signal,2025-10-05T12:23:57Z hint_no_strong 强不买暗示: No new orange dots this week — just a $9 billion reminder of why we HODL. pic.twitter.com/P84m14WF3G,2025-10-05T12:23:57.132000Z hint_no_strong No new orange dots this week — just a $9 billion reminder of why we HODL. pic.twitter.com/P84m14WF3G,,90分钟内有可行动/弱方向 Saylor 信号，价格突变大概率是推文或确认被交易。
49,2025-09-30,2025-10-06,will-microstrategy-announce-a-bitcoin-purchase-september-30-october-6,NO,2025-10-05T12:24:35Z,38.1,0.1177,0.4983,24.42,near_actionable_saylor_signal,2025-10-05T12:23:57Z hint_no_strong 强不买暗示: No new orange dots this week — just a $9 billion reminder of why we HODL. pic.twitter.com/P84m14WF3G,2025-10-05T12:23:57.132000Z hint_no_strong No new orange dots this week — just a $9 billion reminder of why we HODL. pic.twitter.com/P84m14WF3G,,90分钟内有可行动/弱方向 Saylor 信号，价格突变大概率是推文或确认被交易。
49,2025-09-30,2025-10-06,will-microstrategy-announce-a-bitcoin-purchase-september-30-october-6,NO,2025-10-05T12:24:39Z,-42.8,0.4983,0.07,36.19,near_actionable_saylor_signal,2025-10-05T12:23:57Z hint_no_strong 强不买暗示: No new orange dots this week — just a $9 billion reminder of why we HODL. pic.twitter.com/P84m14WF3G,2025-10-05T12:23:57.132000Z hint_no_strong No new orange dots this week — just a $9 billion reminder of why we HODL. pic.twitter.com/P84m14WF3G,,90分钟内有可行动/弱方向 Saylor 信号，价格突变大概率是推文或确认被交易。
49,2025-09-30,2025-10-06,will-microstrategy-announce-a-bitcoin-purchase-september-30-october-6,NO,2025-10-05T12:24:39Z,52.8,0.07,0.5983,150.0,near_actionable_saylor_signal,2025-10-05T12:23:57Z hint_no_strong 强不买暗示: No new orange dots this week — just a $9 billion reminder of why we HODL. pic.twitter.com/P84m14WF3G,2025-10-05T12:23:57.132000Z hint_no_strong No new orange dots this week — just a $9 billion reminder of why we HODL. pic.twitter.com/P84m14WF3G,,90分钟内有可行动/弱方向 Saylor 信号，价格突变大概率是推文或确认被交易。
49,2025-09-30,2025-10-06,will-microstrategy-announce-a-bitcoin-purchase-september-30-october-6,NO,2025-10-05T12:24:47Z,-51.1,0.5811,0.07,5.38,near_actionable_saylor_signal,2025-10-05T12:23:57Z hint_no_strong 强不买暗示: No new orange dots this week — just a $9 billion reminder of why we HODL. pic.twitter.com/P84m14WF3G,2025-10-05T12:23:57.132000Z hint_no_strong No new orange dots this week — just a $9 billion reminder of why we HODL. pic.twitter.com/P84m14WF3G,,90分钟内有可行动/弱方向 Saylor 信号，价格突变大概率是推文或确认被交易。
49,2025-09-30,2025-10-06,will-microstrategy-announce-a-bitcoin-purchase-september-30-october-6,NO,2025-10-05T12:24:53Z,52.8,0.06,0.588,102.48,near_actionable_saylor_signal,2025-10-05T12:23:57Z hint_no_strong 强不买暗示: No new orange dots this week — just a $9 billion reminder of why we HODL. pic.twitter.com/P84m14WF3G,2025-10-05T12:23:57.132000Z hint_no_strong No new orange dots this week — just a $9 billion reminder of why we HODL. pic.twitter.com/P84m14WF3G,,90分钟内有可行动/弱方向 Saylor 信号，价格突变大概率是推文或确认被交易。
49,2025-09-30,2025-10-06,will-microstrategy-announce-a-bitcoin-purchase-september-30-october-6,NO,2025-10-05T12:24:55Z,-52.4,0.588,0.0643,145.07,near_actionable_saylor_signal,2025-10-05T12:23:57Z hint_no_strong 强不买暗示: No new orange dots this week — just a $9 billion reminder of why we HODL. pic.twitter.com/P84m14WF3G,2025-10-05T12:23:57.132000Z hint_no_strong No new orange dots this week — just a $9 billion reminder of why we HODL. pic.twitter.com/P84m14WF3G,,90分钟内有可行动/弱方向 Saylor 信号，价格突变大概率是推文或确认被交易。
50,2025-10-07,2025-10-13,will-microstrategy-announce-a-bitcoin-purchase-october-7-13,YES,2025-10-06T13:00:11Z,-33.0,0.83,0.5,20400.0,pre_title_window_orderbook,,,,发生在题目日期窗口开始前，通常是新市场提前开盘后的订单簿重定价，不应用标题窗口内推文解释。
51,2025-10-14,2025-10-20,will-microstrategy-announce-a-bitcoin-purchase-october-14-20,YES,2025-10-13T15:00:45Z,28.0,0.33,0.61,2.56,pre_title_window_orderbook,,,,发生在题目日期窗口开始前，通常是新市场提前开盘后的订单簿重定价，不应用标题窗口内推文解释。
52,2025-10-21,2025-10-27,will-microstrategy-announce-a-bitcoin-purchase-october-21-27,YES,2025-10-26T10:22:35Z,-33.5,0.86,0.5247,213.8,near_actionable_saylor_signal,2025-10-26T11:22:21Z hint_yes_strong 强买入暗示: It's Orange Dot Day. pic.twitter.com/5FSGmxwoNS,2025-10-26T11:22:21.248000Z hint_yes_strong It's Orange Dot Day. pic.twitter.com/5FSGmxwoNS,,90分钟内有可行动/弱方向 Saylor 信号，价格突变大概率是推文或确认被交易。
52,2025-10-21,2025-10-27,will-microstrategy-announce-a-bitcoin-purchase-october-21-27,YES,2025-10-26T11:08:25Z,31.5,0.5247,0.84,50.0,near_actionable_saylor_signal,2025-10-26T11:22:21Z hint_yes_strong 强买入暗示: It's Orange Dot Day. pic.twitter.com/5FSGmxwoNS,2025-10-26T11:22:21.248000Z hint_yes_strong It's Orange Dot Day. pic.twitter.com/5FSGmxwoNS,,90分钟内有可行动/弱方向 Saylor 信号，价格突变大概率是推文或确认被交易。
53,2025-10-28,2025-11-03,will-microstrategy-announce-a-bitcoin-purchase-october-28-november-3,YES,2025-10-27T06:06:29Z,-41.0,0.96,0.55,2.22,pre_title_window_orderbook,,,,发生在题目日期窗口开始前，通常是新市场提前开盘后的订单簿重定价，不应用标题窗口内推文解释。
53,2025-10-28,2025-11-03,will-microstrategy-announce-a-bitcoin-purchase-october-28-november-3,YES,2025-10-27T06:22:17Z,56.0,0.4,0.96,1.04,pre_title_window_orderbook,,,,发生在题目日期窗口开始前，通常是新市场提前开盘后的订单簿重定价，不应用标题窗口内推文解释。
53,2025-10-28,2025-11-03,will-microstrategy-announce-a-bitcoin-purchase-october-28-november-3,YES,2025-10-27T06:22:23Z,-56.0,0.96,0.4,1.0,pre_title_window_orderbook,,,,发生在题目日期窗口开始前，通常是新市场提前开盘后的订单簿重定价，不应用标题窗口内推文解释。
53,2025-10-28,2025-11-03,will-microstrategy-announce-a-bitcoin-purchase-october-28-november-3,YES,2025-10-27T06:22:27Z,56.0,0.4,0.96,1.04,pre_title_window_orderbook,,,,发生在题目日期窗口开始前，通常是新市场提前开盘后的订单簿重定价，不应用标题窗口内推文解释。
53,2025-10-28,2025-11-03,will-microstrategy-announce-a-bitcoin-purchase-october-28-november-3,YES,2025-10-27T09:01:19Z,-25.0,0.9,0.65,2.86,pre_title_window_orderbook,,,,发生在题目日期窗口开始前，通常是新市场提前开盘后的订单簿重定价，不应用标题窗口内推文解释。
53,2025-10-28,2025-11-03,will-microstrategy-announce-a-bitcoin-purchase-october-28-november-3,YES,2025-10-27T11:08:19Z,25.8,0.71,0.968,258.26,pre_title_window_orderbook,,,,发生在题目日期窗口开始前，通常是新市场提前开盘后的订单簿重定价，不应用标题窗口内推文解释。
54,2025-11-04,2025-11-10,will-microstrategy-announce-a-bitcoin-purchase-november-4-10,YES,2025-11-03T09:12:53Z,46.3,0.46,0.9229,10.84,pre_title_window_orderbook,,,,发生在题目日期窗口开始前，通常是新市场提前开盘后的订单簿重定价，不应用标题窗口内推文解释。
54,2025-11-04,2025-11-10,will-microstrategy-announce-a-bitcoin-purchase-november-4-10,YES,2025-11-03T11:20:19Z,-26.6,0.9586,0.6923,16.25,pre_title_window_orderbook,,,,发生在题目日期窗口开始前，通常是新市场提前开盘后的订单簿重定价，不应用标题窗口内推文解释。
54,2025-11-04,2025-11-10,will-microstrategy-announce-a-bitcoin-purchase-november-4-10,YES,2025-11-03T11:53:05Z,26.8,0.6923,0.96,5.21,pre_title_window_orderbook,,,,发生在题目日期窗口开始前，通常是新市场提前开盘后的订单簿重定价，不应用标题窗口内推文解释。
54,2025-11-04,2025-11-10,will-microstrategy-announce-a-bitcoin-purchase-november-4-10,YES,2025-11-03T12:06:41Z,-25.0,0.95,0.7,3.33,pre_title_window_orderbook,,,,发生在题目日期窗口开始前，通常是新市场提前开盘后的订单簿重定价，不应用标题窗口内推文解释。
54,2025-11-04,2025-11-10,will-microstrategy-announce-a-bitcoin-purchase-november-4-10,YES,2025-11-03T12:14:01Z,25.0,0.7,0.95,21.05,pre_title_window_orderbook,,,,发生在题目日期窗口开始前，通常是新市场提前开盘后的订单簿重定价，不应用标题窗口内推文解释。
54,2025-11-04,2025-11-10,will-microstrategy-announce-a-bitcoin-purchase-november-4-10,YES,2025-11-03T13:24:01Z,35.0,0.53,0.88,2.27,pre_title_window_orderbook,,,,发生在题目日期窗口开始前，通常是新市场提前开盘后的订单簿重定价，不应用标题窗口内推文解释。
54,2025-11-04,2025-11-10,will-microstrategy-announce-a-bitcoin-purchase-november-4-10,YES,2025-11-03T13:36:17Z,-35.1,0.85,0.4989,140.0,pre_title_window_orderbook,,,,发生在题目日期窗口开始前，通常是新市场提前开盘后的订单簿重定价，不应用标题窗口内推文解释。
54,2025-11-04,2025-11-10,will-microstrategy-announce-a-bitcoin-purchase-november-4-10,YES,2025-11-06T16:46:51Z,27.2,0.6002,0.872,60.0,no_nearby_saylor_signal_likely_orderbook_or_liquidity,,,,未找到邻近 Saylor 信号，且成交规模较小，偏薄流动性表观跳动。
55,2025-11-11,2025-11-17,will-microstrategy-announce-a-bitcoin-purchase-november-11-17,YES,2025-11-10T05:36:37Z,-36.0,0.96,0.6,2.5,pre_title_window_orderbook,,,,发生在题目日期窗口开始前，通常是新市场提前开盘后的订单簿重定价，不应用标题窗口内推文解释。
55,2025-11-11,2025-11-17,will-microstrategy-announce-a-bitcoin-purchase-november-11-17,YES,2025-11-10T05:46:07Z,35.0,0.61,0.96,1.04,pre_title_window_orderbook,,,,发生在题目日期窗口开始前，通常是新市场提前开盘后的订单簿重定价，不应用标题窗口内推文解释。
55,2025-11-11,2025-11-17,will-microstrategy-announce-a-bitcoin-purchase-november-11-17,YES,2025-11-10T05:46:13Z,-35.0,0.96,0.61,1.0,pre_title_window_orderbook,,,,发生在题目日期窗口开始前，通常是新市场提前开盘后的订单簿重定价，不应用标题窗口内推文解释。
55,2025-11-11,2025-11-17,will-microstrategy-announce-a-bitcoin-purchase-november-11-17,YES,2025-11-10T05:46:19Z,35.0,0.61,0.96,1.04,pre_title_window_orderbook,,,,发生在题目日期窗口开始前，通常是新市场提前开盘后的订单簿重定价，不应用标题窗口内推文解释。
55,2025-11-11,2025-11-17,will-microstrategy-announce-a-bitcoin-purchase-november-11-17,YES,2025-11-10T05:51:49Z,-35.0,0.96,0.61,2.56,pre_title_window_orderbook,,,,发生在题目日期窗口开始前，通常是新市场提前开盘后的订单簿重定价，不应用标题窗口内推文解释。
55,2025-11-11,2025-11-17,will-microstrategy-announce-a-bitcoin-purchase-november-11-17,YES,2025-11-10T06:51:50Z,32.0,0.62,0.94,1.28,pre_title_window_orderbook,,,,发生在题目日期窗口开始前，通常是新市场提前开盘后的订单簿重定价，不应用标题窗口内推文解释。
55,2025-11-11,2025-11-17,will-microstrategy-announce-a-bitcoin-purchase-november-11-17,YES,2025-11-10T10:51:44Z,26.7,0.67,0.9366,372.87,pre_title_window_orderbook,,,,发生在题目日期窗口开始前，通常是新市场提前开盘后的订单簿重定价，不应用标题窗口内推文解释。
56,2025-11-18,2025-11-24,will-microstrategy-announce-a-bitcoin-purchase-november-18-24,NO,2025-11-17T06:15:03Z,-93.0,0.98,0.05,1.0,pre_title_window_orderbook,,,,发生在题目日期窗口开始前，通常是新市场提前开盘后的订单簿重定价，不应用标题窗口内推文解释。
56,2025-11-18,2025-11-24,will-microstrategy-announce-a-bitcoin-purchase-november-18-24,NO,2025-11-17T06:15:09Z,93.0,0.05,0.98,1.02,pre_title_window_orderbook,,,,发生在题目日期窗口开始前，通常是新市场提前开盘后的订单簿重定价，不应用标题窗口内推文解释。
56,2025-11-18,2025-11-24,will-microstrategy-announce-a-bitcoin-purchase-november-18-24,NO,2025-11-17T07:49:33Z,-33.0,0.98,0.65,14.29,pre_title_window_orderbook,,,,发生在题目日期窗口开始前，通常是新市场提前开盘后的订单簿重定价，不应用标题窗口内推文解释。
56,2025-11-18,2025-11-24,will-microstrategy-announce-a-bitcoin-purchase-november-18-24,NO,2025-11-17T08:05:07Z,33.0,0.65,0.98,1.02,pre_title_window_orderbook,,,,发生在题目日期窗口开始前，通常是新市场提前开盘后的订单簿重定价，不应用标题窗口内推文解释。
56,2025-11-18,2025-11-24,will-microstrategy-announce-a-bitcoin-purchase-november-18-24,NO,2025-11-22T20:53:27Z,26.1,0.5519,0.813,2.46,no_nearby_saylor_signal_likely_orderbook_or_liquidity,,,,未找到邻近 Saylor 信号，且成交规模较小，偏薄流动性表观跳动。
57,2025-11-25,2025-12-01,will-microstrategy-announce-a-bitcoin-purchase-november-25-december-1,YES,2025-11-24T06:28:03Z,-43.0,0.94,0.51,90.0,pre_title_window_orderbook,,,,发生在题目日期窗口开始前，通常是新市场提前开盘后的订单簿重定价，不应用标题窗口内推文解释。
57,2025-11-25,2025-12-01,will-microstrategy-announce-a-bitcoin-purchase-november-25-december-1,YES,2025-11-24T06:42:49Z,-39.0,0.51,0.12,10.0,pre_title_window_orderbook,,,,发生在题目日期窗口开始前，通常是新市场提前开盘后的订单簿重定价，不应用标题窗口内推文解释。
57,2025-11-25,2025-12-01,will-microstrategy-announce-a-bitcoin-purchase-november-25-december-1,YES,2025-11-24T06:56:11Z,48.0,0.12,0.6,10.0,pre_title_window_orderbook,,,,发生在题目日期窗口开始前，通常是新市场提前开盘后的订单簿重定价，不应用标题窗口内推文解释。
57,2025-11-25,2025-12-01,will-microstrategy-announce-a-bitcoin-purchase-november-25-december-1,YES,2025-11-24T06:58:51Z,-25.0,0.55,0.3,5.0,pre_title_window_orderbook,,,,发生在题目日期窗口开始前，通常是新市场提前开盘后的订单簿重定价，不应用标题窗口内推文解释。
57,2025-11-25,2025-12-01,will-microstrategy-announce-a-bitcoin-purchase-november-25-december-1,YES,2025-11-24T10:46:15Z,-33.0,0.7,0.37,3.17,pre_title_window_orderbook,,,,发生在题目日期窗口开始前，通常是新市场提前开盘后的订单簿重定价，不应用标题窗口内推文解释。
57,2025-11-25,2025-12-01,will-microstrategy-announce-a-bitcoin-purchase-november-25-december-1,YES,2025-11-24T11:04:55Z,32.0,0.37,0.69,3.17,pre_title_window_orderbook,,,,发生在题目日期窗口开始前，通常是新市场提前开盘后的订单簿重定价，不应用标题窗口内推文解释。
57,2025-11-25,2025-12-01,will-microstrategy-announce-a-bitcoin-purchase-november-25-december-1,YES,2025-11-24T11:22:41Z,-26.0,0.68,0.42,5.17,pre_title_window_orderbook,,,,发生在题目日期窗口开始前，通常是新市场提前开盘后的订单簿重定价，不应用标题窗口内推文解释。
57,2025-11-25,2025-12-01,will-microstrategy-announce-a-bitcoin-purchase-november-25-december-1,YES,2025-11-24T19:27:45Z,-27.9,0.72,0.441,2683.17,pre_title_window_orderbook,,,,发生在题目日期窗口开始前，通常是新市场提前开盘后的订单簿重定价，不应用标题窗口内推文解释。
57,2025-11-25,2025-12-01,will-microstrategy-announce-a-bitcoin-purchase-november-25-december-1,YES,2025-11-24T19:59:53Z,-26.5,0.5253,0.26,2.5,pre_title_window_orderbook,,,,发生在题目日期窗口开始前，通常是新市场提前开盘后的订单簿重定价，不应用标题窗口内推文解释。
57,2025-11-25,2025-12-01,will-microstrategy-announce-a-bitcoin-purchase-november-25-december-1,YES,2025-11-24T20:03:15Z,32.0,0.26,0.58,5.0,pre_title_window_orderbook,,,,发生在题目日期窗口开始前，通常是新市场提前开盘后的订单簿重定价，不应用标题窗口内推文解释。
57,2025-11-25,2025-12-01,will-microstrategy-announce-a-bitcoin-purchase-november-25-december-1,YES,2025-11-24T20:08:45Z,-31.0,0.58,0.27,5.0,pre_title_window_orderbook,,,,发生在题目日期窗口开始前，通常是新市场提前开盘后的订单簿重定价，不应用标题窗口内推文解释。
58,2025-12-02,2025-12-08,will-microstrategy-announce-a-bitcoin-purchase-december-2-8,YES,2025-12-01T05:52:24Z,-74.0,0.99,0.25,1.0,pre_title_window_orderbook,,,,发生在题目日期窗口开始前，通常是新市场提前开盘后的订单簿重定价，不应用标题窗口内推文解释。
58,2025-12-02,2025-12-08,will-microstrategy-announce-a-bitcoin-purchase-december-2-8,YES,2025-12-01T06:27:22Z,25.0,0.25,0.5,1.0,pre_title_window_orderbook,,,,发生在题目日期窗口开始前，通常是新市场提前开盘后的订单簿重定价，不应用标题窗口内推文解释。
58,2025-12-02,2025-12-08,will-microstrategy-announce-a-bitcoin-purchase-december-2-8,YES,2025-12-01T07:52:52Z,36.0,0.55,0.91,5.49,pre_title_window_orderbook,,,,发生在题目日期窗口开始前，通常是新市场提前开盘后的订单簿重定价，不应用标题窗口内推文解释。
60,2025-12-16,2025-12-22,will-microstrategy-announce-a-bitcoin-purchase-december-16-22,NO,2025-12-15T05:48:59Z,-72.0,0.97,0.25,1.0,pre_title_window_orderbook,,,,发生在题目日期窗口开始前，通常是新市场提前开盘后的订单簿重定价，不应用标题窗口内推文解释。
60,2025-12-16,2025-12-22,will-microstrategy-announce-a-bitcoin-purchase-december-16-22,NO,2025-12-15T05:49:05Z,72.0,0.25,0.97,1.03,pre_title_window_orderbook,,,,发生在题目日期窗口开始前，通常是新市场提前开盘后的订单簿重定价，不应用标题窗口内推文解释。
60,2025-12-16,2025-12-22,will-microstrategy-announce-a-bitcoin-purchase-december-16-22,NO,2025-12-15T06:38:15Z,-71.0,0.97,0.26,1.35,pre_title_window_orderbook,,,,发生在题目日期窗口开始前，通常是新市场提前开盘后的订单簿重定价，不应用标题窗口内推文解释。
60,2025-12-16,2025-12-22,will-microstrategy-announce-a-bitcoin-purchase-december-16-22,NO,2025-12-15T09:16:13Z,59.0,0.26,0.85,1.18,pre_title_window_orderbook,,,,发生在题目日期窗口开始前，通常是新市场提前开盘后的订单簿重定价，不应用标题窗口内推文解释。
60,2025-12-16,2025-12-22,will-microstrategy-announce-a-bitcoin-purchase-december-16-22,NO,2025-12-15T10:59:29Z,-37.0,0.84,0.47,1.89,pre_title_window_orderbook,,,,发生在题目日期窗口开始前，通常是新市场提前开盘后的订单簿重定价，不应用标题窗口内推文解释。
60,2025-12-16,2025-12-22,will-microstrategy-announce-a-bitcoin-purchase-december-16-22,NO,2025-12-15T11:07:23Z,38.0,0.47,0.8498,23.53,pre_title_window_orderbook,,,,发生在题目日期窗口开始前，通常是新市场提前开盘后的订单簿重定价，不应用标题窗口内推文解释。
60,2025-12-16,2025-12-22,will-microstrategy-announce-a-bitcoin-purchase-december-16-22,NO,2025-12-15T13:28:59Z,-37.4,0.8543,0.48,11.7,pre_title_window_orderbook,,,,发生在题目日期窗口开始前，通常是新市场提前开盘后的订单簿重定价，不应用标题窗口内推文解释。
60,2025-12-16,2025-12-22,will-microstrategy-announce-a-bitcoin-purchase-december-16-22,NO,2025-12-15T14:04:45Z,41.0,0.48,0.89,2.25,pre_title_window_orderbook,,,,发生在题目日期窗口开始前，通常是新市场提前开盘后的订单簿重定价，不应用标题窗口内推文解释。
60,2025-12-16,2025-12-22,will-microstrategy-announce-a-bitcoin-purchase-december-16-22,NO,2025-12-21T14:40:23Z,33.2,0.4233,0.7552,2560.0,near_actionable_saylor_signal,2025-12-21T14:40:09Z hint_yes_strong 强买入暗示: Green Dots ₿eget Orange Dots. pic.twitter.com/aLdvPe4YuG,2025-12-21T14:40:09.343000Z hint_yes_strong Green Dots ₿eget Orange Dots. pic.twitter.com/aLdvPe4YuG,,90分钟内有可行动/弱方向 Saylor 信号，价格突变大概率是推文或确认被交易。
60,2025-12-16,2025-12-22,will-microstrategy-announce-a-bitcoin-purchase-december-16-22,NO,2025-12-21T14:40:27Z,-25.5,0.7552,0.5,2.02,near_actionable_saylor_signal,2025-12-21T14:40:09Z hint_yes_strong 强买入暗示: Green Dots ₿eget Orange Dots. pic.twitter.com/aLdvPe4YuG,2025-12-21T14:40:09.343000Z hint_yes_strong Green Dots ₿eget Orange Dots. pic.twitter.com/aLdvPe4YuG,,90分钟内有可行动/弱方向 Saylor 信号，价格突变大概率是推文或确认被交易。
60,2025-12-16,2025-12-22,will-microstrategy-announce-a-bitcoin-purchase-december-16-22,NO,2025-12-21T14:40:27Z,28.8,0.5,0.7885,844.0,near_actionable_saylor_signal,2025-12-21T14:40:09Z hint_yes_strong 强买入暗示: Green Dots ₿eget Orange Dots. pic.twitter.com/aLdvPe4YuG,2025-12-21T14:40:09.343000Z hint_yes_strong Green Dots ₿eget Orange Dots. pic.twitter.com/aLdvPe4YuG,,90分钟内有可行动/弱方向 Saylor 信号，价格突变大概率是推文或确认被交易。
60,2025-12-16,2025-12-22,will-microstrategy-announce-a-bitcoin-purchase-december-16-22,NO,2025-12-21T14:40:37Z,-28.8,0.7885,0.5001,100.82,near_actionable_saylor_signal,2025-12-21T14:40:09Z hint_yes_strong 强买入暗示: Green Dots ₿eget Orange Dots. pic.twitter.com/aLdvPe4YuG,2025-12-21T14:40:09.343000Z hint_yes_strong Green Dots ₿eget Orange Dots. pic.twitter.com/aLdvPe4YuG,,90分钟内有可行动/弱方向 Saylor 信号，价格突变大概率是推文或确认被交易。
60,2025-12-16,2025-12-22,will-microstrategy-announce-a-bitcoin-purchase-december-16-22,NO,2025-12-21T14:41:05Z,28.9,0.5,0.789,79.0,near_actionable_saylor_signal,2025-12-21T14:40:09Z hint_yes_strong 强买入暗示: Green Dots ₿eget Orange Dots. pic.twitter.com/aLdvPe4YuG,2025-12-21T14:40:09.343000Z hint_yes_strong Green Dots ₿eget Orange Dots. pic.twitter.com/aLdvPe4YuG,,90分钟内有可行动/弱方向 Saylor 信号，价格突变大概率是推文或确认被交易。
61,2025-12-23,2025-12-29,will-microstrategy-announce-a-bitcoin-purchase-december-23-29,YES,2025-12-22T06:37:50Z,-33.0,0.94,0.61,1.06,pre_title_window_orderbook,,,,发生在题目日期窗口开始前，通常是新市场提前开盘后的订单簿重定价，不应用标题窗口内推文解释。
61,2025-12-23,2025-12-29,will-microstrategy-announce-a-bitcoin-purchase-december-23-29,YES,2025-12-22T07:44:43Z,30.0,0.61,0.91,5.0,pre_title_window_orderbook,,,,发生在题目日期窗口开始前，通常是新市场提前开盘后的订单簿重定价，不应用标题窗口内推文解释。
61,2025-12-23,2025-12-29,will-microstrategy-announce-a-bitcoin-purchase-december-23-29,YES,2025-12-22T08:00:27Z,-25.0,0.91,0.66,40.0,pre_title_window_orderbook,,,,发生在题目日期窗口开始前，通常是新市场提前开盘后的订单簿重定价，不应用标题窗口内推文解释。
62,2025-12-30,2026-01-05,will-microstrategy-announce-a-bitcoin-purchase-december-30-january-5,YES,2025-12-29T05:41:23Z,-46.0,0.98,0.52,3.85,pre_title_window_orderbook,,,,发生在题目日期窗口开始前，通常是新市场提前开盘后的订单簿重定价，不应用标题窗口内推文解释。
62,2025-12-30,2026-01-05,will-microstrategy-announce-a-bitcoin-purchase-december-30-january-5,YES,2025-12-29T06:54:37Z,43.0,0.52,0.95,1.05,pre_title_window_orderbook,,,,发生在题目日期窗口开始前，通常是新市场提前开盘后的订单簿重定价，不应用标题窗口内推文解释。
62,2025-12-30,2026-01-05,will-microstrategy-announce-a-bitcoin-purchase-december-30-january-5,YES,2025-12-29T09:44:01Z,-38.0,0.94,0.56,1.06,pre_title_window_orderbook,,,,发生在题目日期窗口开始前，通常是新市场提前开盘后的订单簿重定价，不应用标题窗口内推文解释。
62,2025-12-30,2026-01-05,will-microstrategy-announce-a-bitcoin-purchase-december-30-january-5,YES,2025-12-29T09:44:05Z,38.0,0.56,0.94,3.19,pre_title_window_orderbook,,,,发生在题目日期窗口开始前，通常是新市场提前开盘后的订单簿重定价，不应用标题窗口内推文解释。
62,2025-12-30,2026-01-05,will-microstrategy-announce-a-bitcoin-purchase-december-30-january-5,YES,2025-12-29T09:58:25Z,-38.0,0.94,0.56,4.55,pre_title_window_orderbook,,,,发生在题目日期窗口开始前，通常是新市场提前开盘后的订单簿重定价，不应用标题窗口内推文解释。
62,2025-12-30,2026-01-05,will-microstrategy-announce-a-bitcoin-purchase-december-30-january-5,YES,2025-12-29T12:20:01Z,29.0,0.6,0.89,3.37,pre_title_window_orderbook,,,,发生在题目日期窗口开始前，通常是新市场提前开盘后的订单簿重定价，不应用标题窗口内推文解释。
62,2025-12-30,2026-01-05,will-microstrategy-announce-a-bitcoin-purchase-december-30-january-5,YES,2025-12-29T17:21:45Z,32.0,0.3,0.62,1.61,pre_title_window_orderbook,,,,发生在题目日期窗口开始前，通常是新市场提前开盘后的订单簿重定价，不应用标题窗口内推文解释。
63,2026-01-06,2026-01-12,will-microstrategy-announce-a-bitcoin-purchase-january-6-12,YES,2026-01-05T05:44:33Z,-96.0,0.99,0.03,1.11,pre_title_window_orderbook,,,,发生在题目日期窗口开始前，通常是新市场提前开盘后的订单簿重定价，不应用标题窗口内推文解释。
63,2026-01-06,2026-01-12,will-microstrategy-announce-a-bitcoin-purchase-january-6-12,YES,2026-01-05T06:11:35Z,89.0,0.03,0.92,2.17,pre_title_window_orderbook,,,,发生在题目日期窗口开始前，通常是新市场提前开盘后的订单簿重定价，不应用标题窗口内推文解释。
63,2026-01-06,2026-01-12,will-microstrategy-announce-a-bitcoin-purchase-january-6-12,YES,2026-01-05T06:35:59Z,-73.0,0.92,0.19,1.23,pre_title_window_orderbook,,,,发生在题目日期窗口开始前，通常是新市场提前开盘后的订单簿重定价，不应用标题窗口内推文解释。
63,2026-01-06,2026-01-12,will-microstrategy-announce-a-bitcoin-purchase-january-6-12,YES,2026-01-05T07:29:03Z,72.0,0.19,0.91,1.1,pre_title_window_orderbook,,,,发生在题目日期窗口开始前，通常是新市场提前开盘后的订单簿重定价，不应用标题窗口内推文解释。
63,2026-01-06,2026-01-12,will-microstrategy-announce-a-bitcoin-purchase-january-6-12,YES,2026-01-05T09:50:23Z,-40.0,0.91,0.51,6.12,pre_title_window_orderbook,,,,发生在题目日期窗口开始前，通常是新市场提前开盘后的订单簿重定价，不应用标题窗口内推文解释。
63,2026-01-06,2026-01-12,will-microstrategy-announce-a-bitcoin-purchase-january-6-12,YES,2026-01-05T09:55:31Z,40.0,0.51,0.91,1051.64,pre_title_window_orderbook,,,,发生在题目日期窗口开始前，通常是新市场提前开盘后的订单簿重定价，不应用标题窗口内推文解释。
63,2026-01-06,2026-01-12,will-microstrategy-announce-a-bitcoin-purchase-january-6-12,YES,2026-01-05T10:00:55Z,-36.0,0.91,0.55,66.67,pre_title_window_orderbook,,,,发生在题目日期窗口开始前，通常是新市场提前开盘后的订单簿重定价，不应用标题窗口内推文解释。
63,2026-01-06,2026-01-12,will-microstrategy-announce-a-bitcoin-purchase-january-6-12,YES,2026-01-05T10:08:47Z,34.8,0.55,0.8984,107.32,pre_title_window_orderbook,,,,发生在题目日期窗口开始前，通常是新市场提前开盘后的订单簿重定价，不应用标题窗口内推文解释。
64,2026-01-13,2026-01-19,will-microstrategy-announce-a-bitcoin-purchase-january-13-19,NO,2026-01-12T05:56:20Z,-40.0,0.75,0.35,1.54,pre_title_window_orderbook,,,,发生在题目日期窗口开始前，通常是新市场提前开盘后的订单簿重定价，不应用标题窗口内推文解释。
64,2026-01-13,2026-01-19,will-microstrategy-announce-a-bitcoin-purchase-january-13-19,NO,2026-01-12T07:15:54Z,38.0,0.35,0.73,6.85,pre_title_window_orderbook,,,,发生在题目日期窗口开始前，通常是新市场提前开盘后的订单簿重定价，不应用标题窗口内推文解释。
64,2026-01-13,2026-01-19,will-microstrategy-announce-a-bitcoin-purchase-january-13-19,NO,2026-01-18T13:08:12Z,34.0,0.25,0.59,100.0,near_actionable_saylor_signal,2026-01-18T13:07:55Z hint_yes_weak 弱买入暗示: ₿igger Orange. pic.twitter.com/HI47hMCnui,2026-01-18T13:07:55.414000Z hint_yes_weak ₿igger Orange. pic.twitter.com/HI47hMCnui,,90分钟内有可行动/弱方向 Saylor 信号，价格突变大概率是推文或确认被交易。
64,2026-01-13,2026-01-19,will-microstrategy-announce-a-bitcoin-purchase-january-13-19,NO,2026-01-18T13:10:26Z,29.0,0.4997,0.79,126.2,near_actionable_saylor_signal,2026-01-18T13:07:55Z hint_yes_weak 弱买入暗示: ₿igger Orange. pic.twitter.com/HI47hMCnui,2026-01-18T13:07:55.414000Z hint_yes_weak ₿igger Orange. pic.twitter.com/HI47hMCnui,,90分钟内有可行动/弱方向 Saylor 信号，价格突变大概率是推文或确认被交易。
64,2026-01-13,2026-01-19,will-microstrategy-announce-a-bitcoin-purchase-january-13-19,NO,2026-01-18T13:10:34Z,-35.5,0.79,0.4353,1700.0,near_actionable_saylor_signal,2026-01-18T13:07:55Z hint_yes_weak 弱买入暗示: ₿igger Orange. pic.twitter.com/HI47hMCnui,2026-01-18T13:07:55.414000Z hint_yes_weak ₿igger Orange. pic.twitter.com/HI47hMCnui,,90分钟内有可行动/弱方向 Saylor 信号，价格突变大概率是推文或确认被交易。
64,2026-01-13,2026-01-19,will-microstrategy-announce-a-bitcoin-purchase-january-13-19,NO,2026-01-18T13:32:50Z,28.8,0.3539,0.6421,499.08,near_actionable_saylor_signal,2026-01-18T13:07:55Z hint_yes_weak 弱买入暗示: ₿igger Orange. pic.twitter.com/HI47hMCnui,2026-01-18T13:07:55.414000Z hint_yes_weak ₿igger Orange. pic.twitter.com/HI47hMCnui,,90分钟内有可行动/弱方向 Saylor 信号，价格突变大概率是推文或确认被交易。
64,2026-01-13,2026-01-19,will-microstrategy-announce-a-bitcoin-purchase-january-13-19,NO,2026-01-18T13:36:02Z,-26.5,0.6421,0.3773,97.99,near_actionable_saylor_signal,2026-01-18T13:07:55Z hint_yes_weak 弱买入暗示: ₿igger Orange. pic.twitter.com/HI47hMCnui,2026-01-18T13:07:55.414000Z hint_yes_weak ₿igger Orange. pic.twitter.com/HI47hMCnui,,90分钟内有可行动/弱方向 Saylor 信号，价格突变大概率是推文或确认被交易。
66,2026-01-27,2026-02-02,will-microstrategy-announce-a-bitcoin-purchase-january-27-february-2,YES,2026-02-01T13:38:42Z,-26.5,0.7257,0.4608,315.26,near_actionable_saylor_signal,2026-02-01T14:08:32Z hint_yes_strong 强买入暗示: More Orange. pic.twitter.com/b5iYIMARJX,2026-02-01T14:08:32.996000Z hint_yes_strong More Orange. pic.twitter.com/b5iYIMARJX,,90分钟内有可行动/弱方向 Saylor 信号，价格突变大概率是推文或确认被交易。
67,2026-02-03,2026-02-09,will-microstrategy-announce-a-bitcoin-purchase-february-3-9,YES,2026-02-02T05:57:20Z,-32.0,0.88,0.56,1.0,pre_title_window_orderbook,,,,发生在题目日期窗口开始前，通常是新市场提前开盘后的订单簿重定价，不应用标题窗口内推文解释。
67,2026-02-03,2026-02-09,will-microstrategy-announce-a-bitcoin-purchase-february-3-9,YES,2026-02-02T05:57:26Z,32.0,0.56,0.88,1.14,pre_title_window_orderbook,,,,发生在题目日期窗口开始前，通常是新市场提前开盘后的订单簿重定价，不应用标题窗口内推文解释。
67,2026-02-03,2026-02-09,will-microstrategy-announce-a-bitcoin-purchase-february-3-9,YES,2026-02-02T13:02:16Z,-29.3,0.86,0.5671,1892.92,pre_title_window_orderbook,,,,发生在题目日期窗口开始前，通常是新市场提前开盘后的订单簿重定价，不应用标题窗口内推文解释。
67,2026-02-03,2026-02-09,will-microstrategy-announce-a-bitcoin-purchase-february-3-9,YES,2026-02-02T13:45:00Z,29.3,0.4,0.6927,27.43,pre_title_window_orderbook,,,,发生在题目日期窗口开始前，通常是新市场提前开盘后的订单簿重定价，不应用标题窗口内推文解释。
68,2026-02-10,2026-02-16,will-microstrategy-announce-a-bitcoin-purchase-february-10-16,NO,2026-02-09T07:02:23Z,26.3,0.5537,0.8164,122.5,pre_title_window_orderbook,,,,发生在题目日期窗口开始前，通常是新市场提前开盘后的订单簿重定价，不应用标题窗口内推文解释。
68,2026-02-10,2026-02-16,will-microstrategy-announce-a-bitcoin-purchase-february-10-16,NO,2026-02-09T07:02:49Z,-31.0,0.77,0.46,5.26,pre_title_window_orderbook,,,,发生在题目日期窗口开始前，通常是新市场提前开盘后的订单簿重定价，不应用标题窗口内推文解释。
68,2026-02-10,2026-02-16,will-microstrategy-announce-a-bitcoin-purchase-february-10-16,NO,2026-02-09T07:02:59Z,37.0,0.46,0.8295,144.66,pre_title_window_orderbook,,,,发生在题目日期窗口开始前，通常是新市场提前开盘后的订单簿重定价，不应用标题窗口内推文解释。
68,2026-02-10,2026-02-16,will-microstrategy-announce-a-bitcoin-purchase-february-10-16,NO,2026-02-09T07:03:09Z,-37.0,0.8295,0.46,5.26,pre_title_window_orderbook,,,,发生在题目日期窗口开始前，通常是新市场提前开盘后的订单簿重定价，不应用标题窗口内推文解释。
68,2026-02-10,2026-02-16,will-microstrategy-announce-a-bitcoin-purchase-february-10-16,NO,2026-02-09T07:04:45Z,38.0,0.46,0.84,119.05,pre_title_window_orderbook,,,,发生在题目日期窗口开始前，通常是新市场提前开盘后的订单簿重定价，不应用标题窗口内推文解释。
68,2026-02-10,2026-02-16,will-microstrategy-announce-a-bitcoin-purchase-february-10-16,NO,2026-02-15T16:34:45Z,30.4,0.291,0.595,2.52,no_nearby_saylor_signal_likely_orderbook_or_liquidity,,,,未找到邻近 Saylor 信号，但10分钟内有反向跳动，偏订单簿/薄流动性来回扫单。
68,2026-02-10,2026-02-16,will-microstrategy-announce-a-bitcoin-purchase-february-10-16,NO,2026-02-15T16:39:55Z,-32.6,0.595,0.269,3.72,no_nearby_saylor_signal_likely_orderbook_or_liquidity,,,,未找到邻近 Saylor 信号，但10分钟内有反向跳动，偏订单簿/薄流动性来回扫单。
69,2026-02-17,2026-02-23,will-microstrategy-announce-a-bitcoin-purchase-february-17-23,YES,2026-02-16T05:36:51Z,-96.0,0.98,0.02,1.02,pre_title_window_orderbook,,,,发生在题目日期窗口开始前，通常是新市场提前开盘后的订单簿重定价，不应用标题窗口内推文解释。
69,2026-02-17,2026-02-23,will-microstrategy-announce-a-bitcoin-purchase-february-17-23,YES,2026-02-16T05:43:37Z,83.0,0.02,0.85,10.0,pre_title_window_orderbook,,,,发生在题目日期窗口开始前，通常是新市场提前开盘后的订单簿重定价，不应用标题窗口内推文解释。
72,2026-03-10,2026-03-16,will-microstrategy-announce-a-bitcoin-purchase-march-10-16,YES,2026-03-09T21:38:31Z,-68.0,0.99,0.31,10.1,pre_title_window_orderbook,,,,发生在题目日期窗口开始前，通常是新市场提前开盘后的订单簿重定价，不应用标题窗口内推文解释。
72,2026-03-10,2026-03-16,will-microstrategy-announce-a-bitcoin-purchase-march-10-16,YES,2026-03-09T22:25:39Z,65.0,0.31,0.96,4.17,pre_title_window_orderbook,,,,发生在题目日期窗口开始前，通常是新市场提前开盘后的订单簿重定价，不应用标题窗口内推文解释。
74,2026-03-24,2026-03-30,will-microstrategy-announce-a-bitcoin-purchase-march-24-30,NO,2026-03-23T05:06:37Z,-96.0,0.98,0.02,1.02,pre_title_window_orderbook,,,,发生在题目日期窗口开始前，通常是新市场提前开盘后的订单簿重定价，不应用标题窗口内推文解释。
74,2026-03-24,2026-03-30,will-microstrategy-announce-a-bitcoin-purchase-march-24-30,NO,2026-03-23T05:20:23Z,95.0,0.02,0.97,1.03,pre_title_window_orderbook,,,,发生在题目日期窗口开始前，通常是新市场提前开盘后的订单簿重定价，不应用标题窗口内推文解释。
74,2026-03-24,2026-03-30,will-microstrategy-announce-a-bitcoin-purchase-march-24-30,NO,2026-03-28T15:31:51Z,-25.5,0.8742,0.619,2.62,context_tweets_only_no_directional_signal,,,2026-03-28T14:30:23.747000Z context_bitcoin_general It’s time to put the laser eyes back on. $BTC pic.twitter.com/hsiIuWJlxx,90分钟内只有融资、政策、泛BTC或历史背景帖；能解释市场注意力，但不是买入/不买信号。
74,2026-03-24,2026-03-30,will-microstrategy-announce-a-bitcoin-purchase-march-24-30,NO,2026-03-28T16:15:01Z,25.6,0.619,0.8746,20.0,no_nearby_saylor_signal_likely_orderbook_or_liquidity,,,,未找到邻近 Saylor 信号，且成交规模较小，偏薄流动性表观跳动。
74,2026-03-24,2026-03-30,will-microstrategy-announce-a-bitcoin-purchase-march-24-30,NO,2026-03-29T09:23:12Z,41.2,0.278,0.6903,43.64,no_nearby_saylor_signal_likely_orderbook_or_liquidity,,,,未找到邻近 Saylor 信号，但10分钟内有反向跳动，偏订单簿/薄流动性来回扫单。
74,2026-03-24,2026-03-30,will-microstrategy-announce-a-bitcoin-purchase-march-24-30,NO,2026-03-29T09:27:10Z,-38.2,0.6903,0.3087,43.64,no_nearby_saylor_signal_likely_orderbook_or_liquidity,,,,未找到邻近 Saylor 信号，但10分钟内有反向跳动，偏订单簿/薄流动性来回扫单。
74,2026-03-24,2026-03-30,will-microstrategy-announce-a-bitcoin-purchase-march-24-30,NO,2026-03-29T09:34:50Z,33.7,0.2781,0.6155,42.39,no_nearby_saylor_signal_likely_orderbook_or_liquidity,,,,未找到邻近 Saylor 信号，但10分钟内有反向跳动，偏订单簿/薄流动性来回扫单。
74,2026-03-24,2026-03-30,will-microstrategy-announce-a-bitcoin-purchase-march-24-30,NO,2026-03-29T09:36:56Z,-33.9,0.6155,0.277,12.38,no_nearby_saylor_signal_likely_orderbook_or_liquidity,,,,未找到邻近 Saylor 信号，但10分钟内有反向跳动，偏订单簿/薄流动性来回扫单。
74,2026-03-24,2026-03-30,will-microstrategy-announce-a-bitcoin-purchase-march-24-30,NO,2026-03-29T09:52:12Z,27.1,0.1833,0.4542,30.01,no_nearby_saylor_signal_likely_orderbook_or_liquidity,,,,未找到邻近 Saylor 信号，但10分钟内有反向跳动，偏订单簿/薄流动性来回扫单。
74,2026-03-24,2026-03-30,will-microstrategy-announce-a-bitcoin-purchase-march-24-30,NO,2026-03-29T09:55:16Z,-33.4,0.4542,0.1201,145.6,no_nearby_saylor_signal_likely_orderbook_or_liquidity,,,,未找到邻近 Saylor 信号，但10分钟内有反向跳动，偏订单簿/薄流动性来回扫单。
74,2026-03-24,2026-03-30,will-microstrategy-announce-a-bitcoin-purchase-march-24-30,NO,2026-03-29T10:02:52Z,30.7,0.114,0.421,65.04,no_nearby_saylor_signal_likely_orderbook_or_liquidity,,,,未找到邻近 Saylor 信号，但10分钟内有反向跳动，偏订单簿/薄流动性来回扫单。
74,2026-03-24,2026-03-30,will-microstrategy-announce-a-bitcoin-purchase-march-24-30,NO,2026-03-29T10:09:50Z,26.8,0.1792,0.447,23.86,no_nearby_saylor_signal_likely_orderbook_or_liquidity,,,,未找到邻近 Saylor 信号，但10分钟内有反向跳动，偏订单簿/薄流动性来回扫单。
74,2026-03-24,2026-03-30,will-microstrategy-announce-a-bitcoin-purchase-march-24-30,NO,2026-03-29T10:12:16Z,-30.4,0.447,0.143,23.86,no_nearby_saylor_signal_likely_orderbook_or_liquidity,,,,未找到邻近 Saylor 信号，但10分钟内有反向跳动，偏订单簿/薄流动性来回扫单。
74,2026-03-24,2026-03-30,will-microstrategy-announce-a-bitcoin-purchase-march-24-30,NO,2026-03-29T11:28:24Z,28.1,0.2006,0.4815,442.0,no_nearby_saylor_signal_likely_orderbook_or_liquidity,,,,未找到邻近 Saylor 信号，但10分钟内有反向跳动，偏订单簿/薄流动性来回扫单。
74,2026-03-24,2026-03-30,will-microstrategy-announce-a-bitcoin-purchase-march-24-30,NO,2026-03-29T11:29:22Z,-28.1,0.4815,0.2005,11.97,no_nearby_saylor_signal_likely_orderbook_or_liquidity,,,,未找到邻近 Saylor 信号，但10分钟内有反向跳动，偏订单簿/薄流动性来回扫单。
75,2026-03-31,2026-04-06,will-microstrategy-announce-a-bitcoin-purchase-march-31-april-6,YES,2026-03-30T06:58:28Z,-38.4,0.95,0.5656,22.61,pre_title_window_orderbook,,,,发生在题目日期窗口开始前，通常是新市场提前开盘后的订单簿重定价，不应用标题窗口内推文解释。
75,2026-03-31,2026-04-06,will-microstrategy-announce-a-bitcoin-purchase-march-31-april-6,YES,2026-03-30T10:33:40Z,31.0,0.6,0.91,1.09,pre_title_window_orderbook,,,,发生在题目日期窗口开始前，通常是新市场提前开盘后的订单簿重定价，不应用标题窗口内推文解释。
77,2026-04-14,2026-04-20,will-microstrategy-announce-a-bitcoin-purchase-april-14-20,YES,2026-04-13T05:05:23Z,80.0,0.02,0.82,1.2,pre_title_window_orderbook,,,,发生在题目日期窗口开始前，通常是新市场提前开盘后的订单簿重定价，不应用标题窗口内推文解释。
79,2026-04-28,2026-05-04,will-microstrategy-announce-a-bitcoin-purchase-april-28-may-4,NO,2026-04-27T06:39:18Z,55.0,0.4,0.95,3.15,pre_title_window_orderbook,,,,发生在题目日期窗口开始前，通常是新市场提前开盘后的订单簿重定价，不应用标题窗口内推文解释。
79,2026-04-28,2026-05-04,will-microstrategy-announce-a-bitcoin-purchase-april-28-may-4,NO,2026-05-01T15:54:20Z,-32.6,0.835,0.5086,1685.37,context_tweets_only_no_directional_signal,,,"2026-05-01T15:05:56.669000Z context_bitcoin_general If the strategy works, there will be signs.",90分钟内只有融资、政策、泛BTC或历史背景帖；能解释市场注意力，但不是买入/不买信号。
