market_idx,category,title_start,title_end,slug,market_question,market_action,market_outcome,market_open,event_time,event_kind,event_label,reason_or_source,price_before,price_5m,price_30m,url
1,precursor,2024-11-19,2024-12-31,will-microstrategy-purchase-more-bitcoin-in-2024,Will MicroStrategy purchase more Bitcoin in 2024?,BUY YES,YES,0.735,2024-11-21T15:17:16Z,hint_yes_weak,弱买入暗示: Sell the Past. ₿uy the Future. https://t.co/nJQtTBP4lj,x/oEmbed · 泛 buy/stack/HODL 语言，只能作为弱方向或市场情绪，不能单独视为 Strategy 当期买入确认,0.9,0.88,0.95,https://x.com/saylor/status/1859617078182867169
1,precursor,2024-11-19,2024-12-31,will-microstrategy-purchase-more-bitcoin-in-2024,Will MicroStrategy purchase more Bitcoin in 2024?,BUY YES,YES,0.735,2024-11-24T13:01:13Z,hint_yes_strong,强买入暗示: We need more green dots on https://t.co/Bx3917zeAK . pic.twitter.com/0VCrBs9oUa,x/oEmbed · 语义结构与历史 dots/orange/work/HODL 买入或不买暗示一致，需结合价格曲线看是否已被交易,0.94,0.94,0.95,https://x.com/saylor/status/1860670006612095133
1,precursor,2024-11-19,2024-12-31,will-microstrategy-purchase-more-bitcoin-in-2024,Will MicroStrategy purchase more Bitcoin in 2024?,BUY YES,YES,0.735,2024-11-25T13:04:52Z,confirm_yes,"官方确认买入: MicroStrategy has acquired 55,500 BTC for ~$5.4 billion at ~$97,862 per #bitcoin and has achieved BTC Yield of 35.2% ",x/oEmbed · Saylor/Strategy 明确披露买入或未买入，是最终确认信号,0.967,0.996,0.999,https://x.com/saylor/status/1861033309934862601
2,precursor,2024-11-25,2024-12-31,will-microstrategy-purchase-more-bitcoin-in-2024-1,Will MicroStrategy purchase more Bitcoin in 2024?,BUY YES,YES,0.855,2024-12-01T13:01:10Z,hint_yes_strong,强买入暗示: A possible blue-green imbalance on https://t.co/Bx3917zeAK ? pic.twitter.com/qXMJDEJQzD,x/oEmbed · SaylorTracker 图表暗示：blue-green imbalance，语义是图上缺新增买入点,0.87,0.97,0.97,https://x.com/saylor/status/1863206708366995675
2,precursor,2024-11-25,2024-12-31,will-microstrategy-purchase-more-bitcoin-in-2024-1,Will MicroStrategy purchase more Bitcoin in 2024?,BUY YES,YES,0.855,2024-12-02T13:04:16Z,confirm_yes,"官方确认买入: MicroStrategy has acquired 15,400 BTC for ~$1.5 billion at ~$95,976 per #bitcoin and has achieved BTC Yield of 38.7% ",x/oEmbed · Saylor/Strategy 明确披露买入或未买入，是最终确认信号,0.999,0.9986,0.999,https://x.com/saylor/status/1863569873713955156
3,precursor,2024-12-12,2024-12-31,will-microstrategy-purchase-more-bitcoin-in-2024-Dec-11,Will MicroStrategy purchase more Bitcoin in 2024?,BUY YES,YES,0.87,2024-12-15T12:50:09Z,hint_yes_strong,强买入暗示: Is https://t.co/Bx3917zMqi missing a green dot? pic.twitter.com/B3Zzd6M1uV,x/oEmbed · 语义结构与历史 dots/orange/work/HODL 买入或不买暗示一致，需结合价格曲线看是否已被交易,0.89,0.96,0.9954,https://x.com/saylor/status/1868277366226841996
3,precursor,2024-12-12,2024-12-31,will-microstrategy-purchase-more-bitcoin-in-2024-Dec-11,Will MicroStrategy purchase more Bitcoin in 2024?,BUY YES,YES,0.87,2024-12-16T13:03:55Z,confirm_yes,"官方确认买入: MicroStrategy has acquired 15,350 BTC for ~$1.5 billion at ~$100,386 per #bitcoin and has achieved BTC Yield of 46.4%",x/oEmbed · Saylor/Strategy 明确披露买入或未买入，是最终确认信号,0.998,0.999,0.999,https://x.com/saylor/status/1868643218956734876
4,precursor,2024-12-16,2024-12-31,will-microstrategy-purchase-more-bitcoin-in-2024-dec-16,Will MicroStrategy purchase more Bitcoin in 2024?,BUY YES,YES,0.91,2024-12-22T12:38:52Z,hint_yes_strong,强买入暗示: The orange dots on https://t.co/Bx3917zeAK are motivational. pic.twitter.com/oxtxuJLEpg,x/oEmbed · 语义结构与历史 dots/orange/work/HODL 买入或不买暗示一致，需结合价格曲线看是否已被交易,0.812,0.99,0.9874,https://x.com/saylor/status/1870811240366219711
4,precursor,2024-12-16,2024-12-31,will-microstrategy-purchase-more-bitcoin-in-2024-dec-16,Will MicroStrategy purchase more Bitcoin in 2024?,BUY YES,YES,0.91,2024-12-23T13:03:44Z,confirm_yes,"官方确认买入: MicroStrategy has acquired 5,262 BTC for ~$561 million at ~$106,662 per bitcoin and has achieved BTC Yield of 47.4% Q",x/oEmbed · Saylor/Strategy 明确披露买入或未买入，是最终确认信号,0.995,0.999,0.999,https://x.com/saylor/status/1871179886036910278
5,precursor,2024-12-23,2024-12-31,will-microstrategy-purchase-more-bitcoin-in-2024-dec-23,Will MicroStrategy purchase more Bitcoin in 2024?,BUY YES,YES,0.635,2024-12-23T21:38:20Z,hint_yes_weak,"弱买入暗示: If you are not buying bitcoin at the top, you are leaving money on the table.",x/oEmbed · 泛 buy/stack/HODL 语言，只能作为弱方向或市场情绪，不能单独视为 Strategy 当期买入确认,0.54,0.52,0.55,https://x.com/saylor/status/1871309389413724620
5,precursor,2024-12-23,2024-12-31,will-microstrategy-purchase-more-bitcoin-in-2024-dec-23,Will MicroStrategy purchase more Bitcoin in 2024?,BUY YES,YES,0.635,2024-12-28T13:36:52Z,hint_yes_weak,弱买入暗示: This is why we need less government and more bitcoin.,x/oEmbed · 泛 buy/stack/HODL 语言，只能作为弱方向或市场情绪，不能单独视为 Strategy 当期买入确认,0.58,0.58,0.58,https://x.com/saylor/status/1873000162421031279
5,precursor,2024-12-23,2024-12-31,will-microstrategy-purchase-more-bitcoin-in-2024-dec-23,Will MicroStrategy purchase more Bitcoin in 2024?,BUY YES,YES,0.635,2024-12-29T13:01:32Z,hint_yes_strong,强买入暗示: Disconcerting blue lines on https://t.co/Bx3917zMqi . pic.twitter.com/xPl4GTKU3E,x/oEmbed · SaylorTracker 图表暗示：disconcerting blue lines，语义是当前图形不应只有蓝线/缺新增点,0.4,0.96,0.94,https://x.com/saylor/status/1873353661537284211
5,precursor,2024-12-23,2024-12-31,will-microstrategy-purchase-more-bitcoin-in-2024-dec-23,Will MicroStrategy purchase more Bitcoin in 2024?,BUY YES,YES,0.635,2024-12-30T13:03:04Z,confirm_yes,"官方确认买入: MicroStrategy has acquired 2,138 BTC for ~$209 million at ~$97,837 per bitcoin and has achieved BTC Yield of 47.8% QT",x/oEmbed · Saylor/Strategy 明确披露买入或未买入，是最终确认信号,0.998,0.999,0.999,https://x.com/saylor/status/1873716433919803868
6,precursor,2025-01-01,2025-01-19,will-microstrategy-purchase-more-bitcoin-before-trump-inauguration,MicroStrategy purchases more Bitcoin before inauguration?,BUY YES,YES,0.635,2025-01-01T19:15:43Z,hint_yes_weak,弱买入暗示: Will you end 2025 with more Bitcoin than you started with?,x/oEmbed · 泛 buy/stack/HODL 语言，只能作为弱方向或市场情绪，不能单独视为 Strategy 当期买入确认,0.94,0.93,0.91,https://x.com/saylor/status/1874534989184041438
6,precursor,2025-01-01,2025-01-19,will-microstrategy-purchase-more-bitcoin-before-trump-inauguration,MicroStrategy purchases more Bitcoin before inauguration?,BUY YES,YES,0.635,2025-01-05T14:13:21Z,hint_yes_strong,强买入暗示: Something about https://t.co/Bx3917zMqi is not quite right. pic.twitter.com/vRTAH2xTCX,x/oEmbed · SaylorTracker 图表暗示：not quite right，随后价格从急跌区间快速回拉，语义是图上未反映新增买入,0.7429,0.96,0.988,https://x.com/saylor/status/1875908450678722991
6,precursor,2025-01-01,2025-01-19,will-microstrategy-purchase-more-bitcoin-before-trump-inauguration,MicroStrategy purchases more Bitcoin before inauguration?,BUY YES,YES,0.635,2025-01-06T13:03:11Z,confirm_yes,"官方确认买入: MicroStrategy has acquired 1,070 BTC for ~$101 million at ~$94,004 per bitcoin and has achieved BTC Yield of 48.0% in",x/oEmbed · Saylor/Strategy 明确披露买入或未买入，是最终确认信号,0.999,0.999,0.999,https://x.com/saylor/status/1876253178100117907
7,precursor,2025-01-06,2025-01-20,microstrategy-purchases-more-bitcoin-before-inauguration-jan-20,MicroStrategy purchases more Bitcoin before inauguration?,SKIP,YES,0.875,2025-01-10T13:07:08Z,hint_yes_weak,弱买入暗示: ₿uy the Future pic.twitter.com/QcYpsPRoMl,x/oEmbed · 泛 buy/stack/HODL 语言，只能作为弱方向或市场情绪，不能单独视为 Strategy 当期买入确认,0.81,0.81,0.81,https://x.com/saylor/status/1877703723180347688
7,precursor,2025-01-06,2025-01-20,microstrategy-purchases-more-bitcoin-before-inauguration-jan-20,MicroStrategy purchases more Bitcoin before inauguration?,SKIP,YES,0.875,2025-01-12T13:02:23Z,hint_yes_strong,强买入暗示: Thinking about the next green dot on https://t.co/Bx3917zeAK . pic.twitter.com/dCIhEzRLuW,x/oEmbed · 语义结构与历史 dots/orange/work/HODL 买入或不买暗示一致，需结合价格曲线看是否已被交易,0.82,0.98,0.9774,https://x.com/saylor/status/1878427303874633866
7,precursor,2025-01-06,2025-01-20,microstrategy-purchases-more-bitcoin-before-inauguration-jan-20,MicroStrategy purchases more Bitcoin before inauguration?,SKIP,YES,0.875,2025-01-13T13:02:34Z,confirm_yes,"官方确认买入: MicroStrategy has acquired 2,530 BTC for ~$243 million at ~$95,972 per bitcoin and has achieved BTC Yield of 0.32% YT",x/oEmbed · Saylor/Strategy 明确披露买入或未买入，是最终确认信号,0.999,0.999,0.999,https://x.com/saylor/status/1878789738720805176
8,precursor,2025-01-13,2025-01-20,microstrategy-purchases-more-bitcoin-before-inauguration,MicroStrategy purchases more Bitcoin before inauguration?,SKIP,NO,0.88,2025-01-18T21:02:13Z,hint_yes_weak,弱买入暗示: France could use more Bitcoin. https://t.co/hHBWzUXjVP,x/oEmbed · 泛 buy/stack/HODL 语言，只能作为弱方向或市场情绪，不能单独视为 Strategy 当期买入确认,0.7088,0.7,0.69,https://x.com/saylor/status/1880722387425275993
9,precursor,2025-01-20,2025-01-31,will-microstrategy-purchase-more-bitcoin-in-january,Will MicroStrategy purchase more Bitcoin in January?,SKIP,YES,0.76,2025-01-21T13:02:13Z,confirm_yes,"官方确认买入: MicroStrategy has acquired 11,000 BTC for ~$1.1 billion at ~$101,191 per bitcoin and has achieved BTC Yield of 1.69% ",x/oEmbed · Saylor/Strategy 明确披露买入或未买入，是最终确认信号,0.93,0.99,0.999,https://x.com/saylor/status/1881688755096174607
10,precursor,2025-01-21,2025-01-31,will-microstrategy-purchase-more-bitcoin-before-february,Will MicroStrategy purchase more Bitcoin before February?,SKIP,YES,0.825,2025-01-24T15:51:10Z,hint_yes_weak,"弱买入暗示: Borrow ₿illions, Buy Bitcoin pic.twitter.com/5MVcrNsnL4",x/oEmbed · 泛 buy/stack/HODL 语言，只能作为弱方向或市场情绪，不能单独视为 Strategy 当期买入确认,0.9,0.9,0.9,https://x.com/saylor/status/1882818435496968441
10,precursor,2025-01-21,2025-01-31,will-microstrategy-purchase-more-bitcoin-before-february,Will MicroStrategy purchase more Bitcoin before February?,SKIP,YES,0.825,2025-01-27T12:03:15Z,confirm_yes,"官方确认买入: MicroStrategy has acquired 10,107 BTC for ~$1.1 billion at ~$105,596 per bitcoin and has achieved BTC Yield of 2.90% ",x/oEmbed · Saylor/Strategy 明确披露买入或未买入，是最终确认信号,0.991,0.999,0.999,https://x.com/saylor/status/1883848242376650840
11,series,2025-01-28,2025-02-03,will-microstrategy-purchase-more-bitcoin-by-monday,Will MicroStrategy purchase more Bitcoin by Monday?,SKIP,NO,0.915,2025-02-03T13:04:19Z,confirm_no,"官方确认未买: Last week, MicroStrategy did not sell any shares of class A common stock under its at-the-market equity offering prog",x/oEmbed · Saylor/Strategy 明确披露买入或未买入，是最终确认信号,0.0058,0.001,0.002,https://x.com/saylor/status/1886400323268345864
13,series,2025-02-04,2025-02-10,will-microstrategy-purchase-bitcoin-feb-4-10,Will MicroStrategy purchase Bitcoin Feb 4-10?,BUY YES,YES,0.75,2025-02-09T14:38:57Z,hint_yes_strong,强买入暗示: Death to the blue lines. Long live the green dots. pic.twitter.com/SOtFHRoykd,x/oEmbed · 图表暗示：Death to the blue lines / Long live the green dots，强烈指向新增买入点,0.3,0.98,0.9,https://x.com/saylor/status/1888598467729150282
13,series,2025-02-04,2025-02-10,will-microstrategy-purchase-bitcoin-feb-4-10,Will MicroStrategy purchase Bitcoin Feb 4-10?,BUY YES,YES,0.75,2025-02-10T12:48:39Z,confirm_yes,"官方确认买入: $MSTR has acquired 7,633 BTC for ~$742.4 million at ~$97,255 per bitcoin and has achieved BTC Yield of 4.1% YTD 2025.",x/oEmbed · Saylor/Strategy 明确披露买入或未买入，是最终确认信号,0.9963,0.999,0.999,https://x.com/saylor/status/1888933096424177829
14,series,2025-02-11,2025-02-17,will-microstrategy-purchase-bitcoin-feb-11-17,Will Strategy purchase Bitcoin Feb 11-17?,SKIP,NO,0.865,2025-02-15T19:23:46Z,hint_yes_weak,"弱买入暗示: When you buy Bitcoin, you strengthen the network. When you sell Bitcoin, you weaken it.",x/oEmbed · 泛 buy/stack/HODL 语言，只能作为弱方向或市场情绪，不能单独视为 Strategy 当期买入确认,0.22,0.309,0.24,https://x.com/saylor/status/1890844468632309884
14,series,2025-02-11,2025-02-17,will-microstrategy-purchase-bitcoin-feb-11-17,Will Strategy purchase Bitcoin Feb 11-17?,SKIP,NO,0.865,2025-02-17T14:17:30Z,hint_yes_weak,"弱买入暗示: 21 Rules of ₿itcoin 1. Those who understand buy Bitcoin. 2. Those who don’t, criticize Bitcoin. 3. Everyone is agains",x/oEmbed · 泛 buy/stack/HODL 语言，只能作为弱方向或市场情绪，不能单独视为 Strategy 当期买入确认,0.013,0.0129,0.0089,https://x.com/saylor/status/1891492169409593715
15,series,2025-02-18,2025-02-24,will-strategy-purchase-bitcoin-feb-18-24,Will Strategy purchase Bitcoin Feb 18-24?,BUY YES,YES,0.555,2025-02-18T13:11:38Z,confirm_no,"官方确认未买: Last week, @Strategy did not sell any shares of class A common stock under its at-the-market equity offering program,",x/oEmbed · Saylor/Strategy 明确披露买入或未买入，是最终确认信号,0.548,0.548,0.4832,https://x.com/saylor/status/1891837982513995850
15,series,2025-02-18,2025-02-24,will-strategy-purchase-bitcoin-feb-18-24,Will Strategy purchase Bitcoin Feb 18-24?,BUY YES,YES,0.555,2025-02-23T13:53:47Z,hint_yes_strong,强买入暗示: I don't think this reflects what I got done last week. pic.twitter.com/57Qe7QfwKm,x/oEmbed · 语义暗示：what I got done last week 尚未反映，结合次日大额买入确认，指向上周已完成买入,0.66,0.96,0.98,https://x.com/saylor/status/1893660529131974865
15,series,2025-02-18,2025-02-24,will-strategy-purchase-bitcoin-feb-18-24,Will Strategy purchase Bitcoin Feb 18-24?,BUY YES,YES,0.555,2025-02-24T13:04:44Z,confirm_yes,"官方确认买入: Strategy has acquired 20,356 BTC for ~$1.99B at ~$97,514 per bitcoin and has achieved BTC Yield of 6.9% YTD 2025. As ",x/oEmbed · Saylor/Strategy 明确披露买入或未买入，是最终确认信号,0.999,0.999,0.999,https://x.com/saylor/status/1894010574494687441
16,series,2025-02-25,2025-03-03,will-strategy-purchase-bitcoin-feb-25-mar-3,Will Strategy purchase Bitcoin Feb 25-Mar 3?,BUY YES,NO,0.65,2025-02-25T14:00:16Z,hint_yes_weak,弱买入暗示: Considering a second job to acquire more Bitcoin. pic.twitter.com/IkXLlqnr95,x/oEmbed · 泛 buy/stack/HODL 语言，只能作为弱方向或市场情绪，不能单独视为 Strategy 当期买入确认,0.66,0.66,0.67,https://x.com/saylor/status/1894386938381271163
16,series,2025-02-25,2025-03-03,will-strategy-purchase-bitcoin-feb-25-mar-3,Will Strategy purchase Bitcoin Feb 25-Mar 3?,BUY YES,NO,0.65,2025-03-02T15:39:46Z,hint_yes_weak,"弱买入暗示: Buy Bitcoin, not Bombs.",x/oEmbed · 泛 buy/stack/HODL 语言，只能作为弱方向或市场情绪，不能单独视为 Strategy 当期买入确认,0.012,0.0196,0.012,https://x.com/saylor/status/1896223917951668722
16,series,2025-02-25,2025-03-03,will-strategy-purchase-bitcoin-feb-25-mar-3,Will Strategy purchase Bitcoin Feb 25-Mar 3?,BUY YES,NO,0.65,2025-03-03T13:04:57Z,confirm_no,"官方确认未买: Last week, @Strategy did not sell any shares of class A common stock under its at-the-market equity offering program,",x/oEmbed · Saylor/Strategy 明确披露买入或未买入，是最终确认信号,0.001,0.001,0.001,https://x.com/saylor/status/1896547344893788477
16,series,2025-02-25,2025-03-03,will-strategy-purchase-bitcoin-feb-25-mar-3,Will Strategy purchase Bitcoin Feb 25-Mar 3?,BUY YES,NO,0.65,2025-03-03T14:00:33Z,hint_no_weak,弱不买暗示: HODL,x/oEmbed · 泛 buy/stack/HODL 语言，只能作为弱方向或市场情绪，不能单独视为 Strategy 当期买入确认,0.001,0.001,0.001,https://x.com/saylor/status/1896561335389090139
17,series,2025-03-04,2025-03-10,will-strategy-purchase-bitcoin-feb-mar-4-10,Will Strategy purchase Bitcoin Feb Mar 4-10?,BUY YES,NO,0.515,2025-03-07T02:23:32Z,hint_yes_weak,弱买入暗示: I have a few budget-neutral strategies for acquiring additional bitcoin...,x/oEmbed · 泛 buy/stack/HODL 语言，只能作为弱方向或市场情绪，不能单独视为 Strategy 当期买入确认,0.53,0.53,0.53,https://x.com/saylor/status/1897835477119492559
18,series,2025-03-11,2025-03-17,will-strategy-purchase-bitcoin-feb-mar-11-17,Will Strategy purchase Bitcoin Feb Mar 11-17?,BUY YES,YES,0.475,2025-03-11T11:41:15Z,hint_yes_weak,弱买入暗示: We purchased 78% of the United States for $40 million. America should buy Bitcoin. pic.twitter.com/peBUix9AC3,x/oEmbed · 泛 buy/stack/HODL 语言，只能作为弱方向或市场情绪，不能单独视为 Strategy 当期买入确认,0.58,0.58,0.58,https://x.com/saylor/status/1899425381360288059
18,series,2025-03-11,2025-03-17,will-strategy-purchase-bitcoin-feb-mar-11-17,Will Strategy purchase Bitcoin Feb Mar 11-17?,BUY YES,YES,0.475,2025-03-17T12:07:32Z,confirm_yes,"官方确认买入: Strategy has acquired 130 BTC for ~$10.7M at ~$82,981 per bitcoin and has achieved BTC Yield of 6.9% YTD 2025. As of ",x/oEmbed · Saylor/Strategy 明确披露买入或未买入，是最终确认信号,0.998,0.9948,0.999,https://x.com/saylor/status/1901606324447646170
19,series,2025-03-18,2025-03-24,will-strategy-purchase-bitcoin-mar-18-24,Will Strategy purchase Bitcoin March 18-24?,BUY YES,YES,0.52,2025-03-23T12:58:22Z,hint_yes_strong,强买入暗示: Needs more Orange. pic.twitter.com/BRyWs1ey80,x/oEmbed · 语义结构与历史 dots/orange/work/HODL 买入或不买暗示一致，需结合价格曲线看是否已被交易,0.55,0.98,0.973,https://x.com/saylor/status/1903793445237305409
19,series,2025-03-18,2025-03-24,will-strategy-purchase-bitcoin-mar-18-24,Will Strategy purchase Bitcoin March 18-24?,BUY YES,YES,0.52,2025-03-24T12:04:55Z,confirm_yes,"官方确认买入: $MSTR has acquired 6,911 BTC for ~$584.1 million at ~$84,529 per bitcoin and has achieved BTC Yield of 7.7% YTD 2025.",x-weekly-browser-audit + x-oembed · Saylor/Strategy 明确披露买入或未买入，是最终确认信号,0.999,0.999,0.999,https://x.com/saylor/status/1904142379646415203
21,series-missing,2025-03-25,2025-03-31,will-microstrategy-purchase-bitcoin-march-25-31,Will MicroStrategy purchase Bitcoin March 25-31?,BUY YES,YES,0.815,2025-03-25T12:34:20Z,hint_yes_weak,弱买入暗示: Fade to Orange pic.twitter.com/M0RiwCUV1Y,x-weekly-browser-audit + x-oembed · 泛 buy/stack/HODL 语言，只能作为弱方向或市场情绪，不能单独视为 Strategy 当期买入确认,0.82,0.8104,0.83,https://x.com/saylor/status/1904512169816822195
21,series-missing,2025-03-25,2025-03-31,will-microstrategy-purchase-bitcoin-march-25-31,Will MicroStrategy purchase Bitcoin March 25-31?,BUY YES,YES,0.815,2025-03-29T17:54:24Z,hint_yes_weak,"弱买入暗示: More Bitcoin, Less Risk pic.twitter.com/xkgB5ANk5w",x/oEmbed · 泛 buy/stack/HODL 语言，只能作为弱方向或市场情绪，不能单独视为 Strategy 当期买入确认,0.79,0.79,0.811,https://x.com/saylor/status/1906042270085787851
21,series-missing,2025-03-25,2025-03-31,will-microstrategy-purchase-bitcoin-march-25-31,Will MicroStrategy purchase Bitcoin March 25-31?,BUY YES,YES,0.815,2025-03-30T12:06:23Z,hint_yes_strong,强买入暗示: Needs even more Orange. pic.twitter.com/lV5qgUP6oY,x/oEmbed · 语义结构与历史 dots/orange/work/HODL 买入或不买暗示一致，需结合价格曲线看是否已被交易,0.79,0.99,0.9822,https://x.com/saylor/status/1906317075473158364
21,series-missing,2025-03-25,2025-03-31,will-microstrategy-purchase-bitcoin-march-25-31,Will MicroStrategy purchase Bitcoin March 25-31?,BUY YES,YES,0.815,2025-03-31T12:03:16Z,confirm_yes,"官方确认买入: $MSTR has acquired 22,048 BTC for ~$1.92 billion at ~$86,969 per bitcoin and has achieved BTC Yield of 11.0% YTD 2025",x/oEmbed · Saylor/Strategy 明确披露买入或未买入，是最终确认信号,0.999,0.999,0.999,https://x.com/saylor/status/1906678678714556632
23,series,2025-04-01,2025-04-07,will-microstrategy-purchase-bitcoin-april-1-7,Will MicroStrategy purchase Bitcoin April 1-7?,BUY YES,NO,0.815,2025-04-01T12:03:10Z,hint_yes_weak,弱买入暗示: Don’t be a fool. Buy Bitcoin. pic.twitter.com/8UDmpAZD7t,x-weekly-browser-audit + x-oembed · 泛 buy/stack/HODL 语言，只能作为弱方向或市场情绪，不能单独视为 Strategy 当期买入确认,0.76,0.76,0.76,https://x.com/saylor/status/1907041041259135148
24,series,2025-04-08,2025-04-14,will-microstrategy-purchase-bitcoin-april-8-14,Will MicroStrategy purchase Bitcoin April 8-14?,BUY YES,YES,0.52,2025-04-09T12:00:04Z,hint_no_weak,弱不买暗示: HODL,chrome-x-search + x-oembed · 泛 buy/stack/HODL 语言，只能作为弱方向或市场情绪，不能单独视为 Strategy 当期买入确认,0.44,0.44,0.49,https://x.com/saylor/status/1909939364588585270
24,series,2025-04-08,2025-04-14,will-microstrategy-purchase-bitcoin-april-8-14,Will MicroStrategy purchase Bitcoin April 8-14?,BUY YES,YES,0.52,2025-04-10T12:34:23Z,hint_yes_weak,弱买入暗示: ₿uy the Future pic.twitter.com/tIcwWe0leX,chrome-x-search + x-oembed · 泛 buy/stack/HODL 语言，只能作为弱方向或市场情绪，不能单独视为 Strategy 当期买入确认,0.64,0.64,0.64,https://x.com/saylor/status/1910310391277564056
24,series,2025-04-08,2025-04-14,will-microstrategy-purchase-bitcoin-april-8-14,Will MicroStrategy purchase Bitcoin April 8-14?,BUY YES,YES,0.52,2025-04-13T13:17:25Z,hint_yes_strong,强买入暗示: No Tariffs on Orange Dots pic.twitter.com/Cg3bCVPMcM,chrome-x-search + x-oembed · 语义结构与历史 dots/orange/work/HODL 买入或不买暗示一致，需结合价格曲线看是否已被交易,0.24,0.97,0.99,https://x.com/saylor/status/1911408383808217104
24,series,2025-04-08,2025-04-14,will-microstrategy-purchase-bitcoin-april-8-14,Will MicroStrategy purchase Bitcoin April 8-14?,BUY YES,YES,0.52,2025-04-14T12:03:16Z,confirm_yes,"官方确认买入: $MSTR has acquired 3,459 BTC for ~$285.8 million at ~$82,618 per bitcoin and has achieved BTC Yield of 11.4% YTD 2025",chrome-x-search + x-oembed · Saylor/Strategy 明确披露买入或未买入，是最终确认信号,0.999,0.999,0.999,https://x.com/saylor/status/1911752108862251160
25,series,2025-04-15,2025-04-21,will-microstrategy-purchase-bitcoin-april-15-21,Will MicroStrategy purchase Bitcoin April 15-21?,SKIP,YES,0.705,2025-04-20T12:32:58Z,hint_yes_strong,强买入暗示: Insufficient Orange. pic.twitter.com/Gz36jJELBs,chrome-x-search + x-oembed · 图表暗示：Insufficient Orange，语义是 orange/buying 图上不足,0.37,0.988,0.986,https://x.com/saylor/status/1913933911379378484
25,series,2025-04-15,2025-04-21,will-microstrategy-purchase-bitcoin-april-15-21,Will MicroStrategy purchase Bitcoin April 15-21?,SKIP,YES,0.705,2025-04-21T12:03:41Z,confirm_yes,"官方确认买入: $MSTR has acquired 6,556 BTC for ~$555.8 million at ~$84,785 per bitcoin and has achieved BTC Yield of 12.1% YTD 2025",chrome-x-search + x-oembed · Saylor/Strategy 明确披露买入或未买入，是最终确认信号,0.999,0.999,0.999,https://x.com/saylor/status/1914288929173389814
26,series,2025-04-22,2025-04-28,will-microstrategy-purchase-bitcoin-april-22-28,Will MicroStrategy purchase Bitcoin April 22-28?,SKIP,YES,0.555,2025-04-27T12:54:50Z,hint_yes_weak,弱买入暗示: Stay Humble. Stack Sats. pic.twitter.com/gkjvxkn5Ek,chrome-x-search + x-oembed · 泛 buy/stack/HODL 语言，只能作为弱方向或市场情绪，不能单独视为 Strategy 当期买入确认,0.77,0.99,0.989,https://x.com/saylor/status/1916476128673284289
26,series,2025-04-22,2025-04-28,will-microstrategy-purchase-bitcoin-april-22-28,Will MicroStrategy purchase Bitcoin April 22-28?,SKIP,YES,0.555,2025-04-28T12:02:36Z,confirm_yes,"官方确认买入: $MSTR has acquired 15,355 BTC for ~$1.42 billion at ~$92,737 per bitcoin and has achieved BTC Yield of 13.7% YTD 2025",chrome-x-search + x-oembed · Saylor/Strategy 明确披露买入或未买入，是最终确认信号,0.999,0.999,0.999,https://x.com/saylor/status/1916825375155380688
27,series,2025-04-29,2025-05-05,will-microstrategy-purchase-bitcoin-april-29-may-5,Will MicroStrategy purchase Bitcoin April 29-May 5?,BUY YES,YES,0.83,2025-05-01T00:07:50Z,hint_yes_weak,"弱买入暗示: By the time your financial adviser says it’s OK to buy Bitcoin, it’ll cost $1 million. When they say it’s a good idea",x-weekly-browser-audit + x-oembed · 泛 buy/stack/HODL 语言，只能作为弱方向或市场情绪，不能单独视为 Strategy 当期买入确认,0.84,0.84,0.84,https://x.com/saylor/status/1917732661558194524
27,series,2025-04-29,2025-05-05,will-microstrategy-purchase-bitcoin-april-29-may-5,Will MicroStrategy purchase Bitcoin April 29-May 5?,BUY YES,YES,0.83,2025-05-01T15:06:37Z,hint_yes_weak,弱买入暗示: $MSTR is now up more than 3000% since adopting the Bitcoin Standard. pic.twitter.com/ZqBKMHG999,x-weekly-browser-audit + x-oembed · 泛 buy/stack/HODL 语言，只能作为弱方向或市场情绪，不能单独视为 Strategy 当期买入确认,0.85,0.85,0.85,https://x.com/saylor/status/1917958845873471611
27,series,2025-04-29,2025-05-05,will-microstrategy-purchase-bitcoin-april-29-may-5,Will MicroStrategy purchase Bitcoin April 29-May 5?,BUY YES,YES,0.83,2025-05-02T17:15:18Z,hint_yes_weak,弱买入暗示: Always ₿e Stacking,chrome-x-search + x-oembed · 人工复核降级：Always ₿e Stacking 与买入主题相关，但没有 Strategy 当期交易、dots 或时间锚,0.85,0.85,0.85,https://x.com/saylor/status/1918353617477911034
27,series,2025-04-29,2025-05-05,will-microstrategy-purchase-bitcoin-april-29-may-5,Will MicroStrategy purchase Bitcoin April 29-May 5?,BUY YES,YES,0.83,2025-05-04T13:53:59Z,hint_yes_strong,"强买入暗示: Too much blue, not enough orange. pic.twitter.com/s1L6tWfC14","chrome-x-search + x-oembed · 图表暗示：Too much blue, not enough orange，语义是缺新增买入/orange",0.5,0.996,0.993,https://x.com/saylor/status/1919027732140204508
27,series,2025-04-29,2025-05-05,will-microstrategy-purchase-bitcoin-april-29-may-5,Will MicroStrategy purchase Bitcoin April 29-May 5?,BUY YES,YES,0.83,2025-05-05T12:03:05Z,confirm_yes,"官方确认买入: $MSTR has acquired 1,895 BTC for ~$180.3 million at ~$95,167 per bitcoin and has achieved BTC Yield of 14.0% YTD 2025",chrome-x-search + x-oembed · Saylor/Strategy 明确披露买入或未买入，是最终确认信号,0.999,0.999,0.999,https://x.com/saylor/status/1919362210804990383
28,series,2025-05-06,2025-05-12,will-microstrategy-purchase-bitcoin-may-6-may-12,Will MicroStrategy purchase Bitcoin May 6-12?,BUY YES,YES,0.805,2025-05-08T20:23:01Z,hint_yes_weak,弱买入暗示: Why Every Company Should Adopt the Bitcoin Standard pic.twitter.com/t8ouMULWbb,x-weekly-browser-audit + x-oembed · 泛 buy/stack/HODL 语言，只能作为弱方向或市场情绪，不能单独视为 Strategy 当期买入确认,0.92,0.92,0.92,https://x.com/saylor/status/1920575187331743841
28,series,2025-05-06,2025-05-12,will-microstrategy-purchase-bitcoin-may-6-may-12,Will MicroStrategy purchase Bitcoin May 6-12?,BUY YES,YES,0.805,2025-05-11T12:00:55Z,hint_yes_strong,强买入暗示: Connect the Dots pic.twitter.com/T4Aj7yYKkr,chrome-x-search + x-oembed · 图表暗示：Connect the Dots，语义指向新增点位,0.94,0.994,0.989,https://x.com/saylor/status/1921535991002579297
28,series,2025-05-06,2025-05-12,will-microstrategy-purchase-bitcoin-may-6-may-12,Will MicroStrategy purchase Bitcoin May 6-12?,BUY YES,YES,0.805,2025-05-12T12:02:14Z,confirm_yes,"官方确认买入: Strategy has acquired 13,390 BTC for ~$1.34 billion at ~$99,856 per bitcoin and has achieved BTC Yield of 15.5% YTD 2",chrome-x-search + x-oembed · Saylor/Strategy 明确披露买入或未买入，是最终确认信号,0.999,0.999,0.999,https://x.com/saylor/status/1921898712801874273
29,series,2025-05-13,2025-05-19,will-microstrategy-purchase-bitcoin-may-13-19,Will MicroStrategy purchase Bitcoin May 13-19?,BUY YES,YES,0.85,2025-05-19T12:05:15Z,confirm_yes,"官方确认买入: Strategy has acquired 7,390 BTC for ~$764.9 million at ~$103,498 per bitcoin and has achieved BTC Yield of 16.3% YTD ",chrome-x-search + x-oembed · Saylor/Strategy 明确披露买入或未买入，是最终确认信号,0.999,0.999,0.999,https://x.com/saylor/status/1924436184664559807
30,series,2025-05-20,2025-05-26,will-microstrategy-purchase-bitcoin-may-20-26,Will MicroStrategy purchase Bitcoin May 20-26?,SKIP,YES,0.555,2025-05-21T15:40:30Z,hint_yes_weak,"弱买入暗示: If you’re not buying bitcoin at the all-time high, you’re leaving money on the table.",chrome-x-search + x-oembed · 泛 buy/stack/HODL 语言，只能作为弱方向或市场情绪，不能单独视为 Strategy 当期买入确认,0.27,0.28,0.25,https://x.com/saylor/status/1925215132407181770
30,series,2025-05-20,2025-05-26,will-microstrategy-purchase-bitcoin-may-20-26,Will MicroStrategy purchase Bitcoin May 20-26?,SKIP,YES,0.555,2025-05-21T23:57:53Z,hint_yes_weak,弱买入暗示: No one has ever lost money buying Bitcoin.,chrome-x-search + x-oembed · 泛 buy/stack/HODL 语言，只能作为弱方向或市场情绪，不能单独视为 Strategy 当期买入确认,0.29,0.28,0.29,https://x.com/saylor/status/1925340301117280317
30,series,2025-05-20,2025-05-26,will-microstrategy-purchase-bitcoin-may-20-26,Will MicroStrategy purchase Bitcoin May 20-26?,SKIP,YES,0.555,2025-05-23T18:21:31Z,hint_yes_weak,弱买入暗示: Buy Bitcoin.,chrome-x-search + x-oembed · 泛 buy/stack/HODL 语言，只能作为弱方向或市场情绪，不能单独视为 Strategy 当期买入确认,0.32,0.32,0.32,https://x.com/saylor/status/1925980428017492242
30,series,2025-05-20,2025-05-26,will-microstrategy-purchase-bitcoin-may-20-26,Will MicroStrategy purchase Bitcoin May 20-26?,SKIP,YES,0.555,2025-05-24T14:31:58Z,hint_yes_weak,弱买入暗示: The only thing better than Bitcoin is More Bitcoin. pic.twitter.com/VHzTif0zXH,chrome-x-search + x-oembed · 泛 buy/stack/HODL 语言，只能作为弱方向或市场情绪，不能单独视为 Strategy 当期买入确认,0.33,0.3409,0.33,https://x.com/saylor/status/1926285045213401431
30,series,2025-05-20,2025-05-26,will-microstrategy-purchase-bitcoin-may-20-26,Will MicroStrategy purchase Bitcoin May 20-26?,SKIP,YES,0.555,2025-05-25T12:30:14Z,hint_yes_weak,弱买入暗示: I only buy bitcoin with money I can't afford to lose. pic.twitter.com/h7pnFB8yvU,chrome-x-search + x-oembed · 泛 buy/stack/HODL 语言，只能作为弱方向或市场情绪，不能单独视为 Strategy 当期买入确认,0.3,0.53,0.4,https://x.com/saylor/status/1926616797962174914
30,series,2025-05-20,2025-05-26,will-microstrategy-purchase-bitcoin-may-20-26,Will MicroStrategy purchase Bitcoin May 20-26?,SKIP,YES,0.555,2025-05-26T12:02:21Z,confirm_yes,"官方确认买入: Strategy has acquired 4,020 BTC for ~$427.1 million at ~$106,237 per bitcoin and has achieved BTC Yield of 16.8% YTD ",chrome-x-search + x-oembed · Saylor/Strategy 明确披露买入或未买入，是最终确认信号,0.99,0.999,0.999,https://x.com/saylor/status/1926972171349373129
31,series,2025-05-27,2025-06-02,will-microstrategy-purchase-bitcoin-may-27-june-2,Will MicroStrategy purchase Bitcoin May 27-June 2?,BUY YES,YES,0.65,2025-05-30T14:31:10Z,hint_yes_weak,弱买入暗示: Bank of England on the Brink… of Buying Bitcoin pic.twitter.com/8mdXj0SZ5l,chrome-x-search + x-oembed · 泛 buy/stack/HODL 语言，只能作为弱方向或市场情绪，不能单独视为 Strategy 当期买入确认,0.84,0.84,0.84,https://x.com/saylor/status/1928459171927601636
31,series,2025-05-27,2025-06-02,will-microstrategy-purchase-bitcoin-may-27-june-2,Will MicroStrategy purchase Bitcoin May 27-June 2?,BUY YES,YES,0.65,2025-06-02T12:02:35Z,confirm_yes,"官方确认买入: Strategy has acquired 705 BTC for ~$75.1 million at ~$106,495 per bitcoin and has achieved BTC Yield of 16.9% YTD 202",chrome-x-search + x-oembed · Saylor/Strategy 明确披露买入或未买入，是最终确认信号,0.999,0.999,0.999,https://x.com/saylor/status/1929508945871163520
32,series,2025-06-03,2025-06-09,will-microstrategy-purchase-bitcoin-june-3-9,Will MicroStrategy purchase Bitcoin June 3-9?,BUY YES,YES,0.87,2025-06-07T13:51:03Z,hint_yes_strong,强买入暗示: Proof of Orange pic.twitter.com/gLADKcaMVf,chrome-x-search + x-oembed · Orange 系列强暗示：Proof of Orange，通常被市场解读为新增买入相关,0.94,0.94,0.8951,https://x.com/saylor/status/1931348180072808534
32,series,2025-06-03,2025-06-09,will-microstrategy-purchase-bitcoin-june-3-9,Will MicroStrategy purchase Bitcoin June 3-9?,BUY YES,YES,0.87,2025-06-08T12:01:50Z,hint_yes_strong,强买入暗示: Send more Orange pic.twitter.com/QaLJWkLrVN,chrome-x-search + x-oembed · Orange 系列强暗示：Send more Orange，语义是需要更多买入点,0.9577,0.9921,0.994,https://x.com/saylor/status/1931683081225748528
32,series,2025-06-03,2025-06-09,will-microstrategy-purchase-bitcoin-june-3-9,Will MicroStrategy purchase Bitcoin June 3-9?,BUY YES,YES,0.87,2025-06-09T12:03:23Z,confirm_yes,"官方确认买入: Strategy has acquired 1,045 BTC for ~$110.2 million at ~$105,426 per bitcoin and has achieved BTC Yield of 17.1% YTD ",chrome-x-search + x-oembed · Saylor/Strategy 明确披露买入或未买入，是最终确认信号,0.999,0.999,0.999,https://x.com/saylor/status/1932045860851859842
33,series,2025-06-10,2025-06-16,will-microstrategy-purchase-bitcoin-june-10-16,Will MicroStrategy purchase Bitcoin June 10-16?,BUY YES,YES,0.855,2025-06-10T10:05:19Z,hint_yes_weak,弱买入暗示: Apple should buy Bitcoin.,chrome-x-search + x-oembed · 泛 buy/stack/HODL 语言，只能作为弱方向或市场情绪，不能单独视为 Strategy 当期买入确认,0.93,0.93,0.93,https://x.com/saylor/status/1932378535676781013
33,series,2025-06-10,2025-06-16,will-microstrategy-purchase-bitcoin-june-10-16,Will MicroStrategy purchase Bitcoin June 10-16?,BUY YES,YES,0.855,2025-06-15T07:11:44Z,hint_yes_weak,弱买入暗示: ₿uy Cyber Manhattan pic.twitter.com/5jG2rRXFC8,chrome-x-search + x-oembed · 泛 buy/stack/HODL 语言，只能作为弱方向或市场情绪，不能单独视为 Strategy 当期买入确认,0.9243,0.9243,0.9243,https://x.com/saylor/status/1934146791798358464
33,series,2025-06-10,2025-06-16,will-microstrategy-purchase-bitcoin-june-10-16,Will MicroStrategy purchase Bitcoin June 10-16?,BUY YES,YES,0.855,2025-06-15T12:03:53Z,hint_yes_strong,强买入暗示: Bigger Dots are ₿etter pic.twitter.com/vm1UItzmRb,chrome-x-search + x-oembed · Dots 系列强暗示：Bigger Dots are Better，语义指向新增/更大买入点,0.92,0.992,0.992,https://x.com/saylor/status/1934220313405100289
33,series,2025-06-10,2025-06-16,will-microstrategy-purchase-bitcoin-june-10-16,Will MicroStrategy purchase Bitcoin June 10-16?,BUY YES,YES,0.855,2025-06-16T12:03:35Z,confirm_yes,"官方确认买入: Strategy has acquired 10,100 BTC for ~$1.05 billion at ~$104,080 per bitcoin and has achieved BTC Yield of 19.1% YTD ",chrome-x-search + x-oembed · Saylor/Strategy 明确披露买入或未买入，是最终确认信号,0.999,0.999,0.999,https://x.com/saylor/status/1934582626448236794
34,series,2025-06-17,2025-06-23,will-microstrategy-purchase-bitcoin-june-17-23,Will MicroStrategy purchase Bitcoin June 17-23?,BUY YES,YES,0.875,2025-06-23T12:02:01Z,confirm_yes,"官方确认买入: Strategy has acquired 245 BTC for ~$26.0 million at ~$105,856 per bitcoin and has achieved BTC Yield of 19.2% YTD 202",chrome-x-search + x-oembed · Saylor/Strategy 明确披露买入或未买入，是最终确认信号,0.999,0.999,0.999,https://x.com/saylor/status/1937118945057915061
35,series,2025-06-24,2025-06-30,will-microstrategy-purchase-bitcoin-june-24-30,Will MicroStrategy purchase Bitcoin June 24-30?,BUY YES,YES,0.89,2025-06-29T12:01:30Z,hint_yes_strong,"强买入暗示: In 21 years, you'll wish you'd bought more. pic.twitter.com/s1I607RVda",chrome-x-search + x-oembed · 人工复核升级：这条文本本身是泛 BTC 加仓语义，但配图被多家报道确认为 Strategy/SaylorTracker portfolio tracker，橙点代表买入点；Sunday tracker 配图 + bought more 语义在历史上等同于次日买入披露前的强提示，且该推文后约 10 秒市场从约 0.968 跳到 0.994,0.964,0.992,0.991,https://x.com/saylor/status/1939293144014606543
35,series,2025-06-24,2025-06-30,will-microstrategy-purchase-bitcoin-june-24-30,Will MicroStrategy purchase Bitcoin June 24-30?,BUY YES,YES,0.89,2025-06-30T12:03:06Z,confirm_yes,"官方确认买入: Strategy has acquired 4,980 BTC for ~$531.9 million at ~$106,801 per bitcoin and has achieved BTC Yield of 19.7% YTD ",chrome-x-search + x-oembed · Saylor/Strategy 明确披露买入或未买入，是最终确认信号,0.999,0.999,0.999,https://x.com/saylor/status/1939655936118808917
36,series,2025-07-01,2025-07-07,will-microstrategy-purchase-bitcoin-july-1-7,Will MicroStrategy purchase Bitcoin July 1-7?,BUY YES,NO,0.81,2025-07-06T12:14:55Z,hint_no_strong,强不买暗示: Some weeks you just need to HODL. pic.twitter.com/rVcFQkFoG0,chrome-x-search + x-oembed · 语义结构与历史 dots/orange/work/HODL 买入或不买暗示一致，需结合价格曲线看是否已被交易,0.148,0.6,0.2562,https://x.com/saylor/status/1941833235845034478
37,series,2025-07-08,2025-07-14,will-microstrategy-purchase-bitcoin-july-8-14,Will MicroStrategy purchase Bitcoin July 8-14?,BUY YES,YES,0.7,2025-07-09T18:37:33Z,hint_yes_weak,弱买入暗示: ₿uy the Future 🧡,chrome-x-search + x-oembed · 泛 buy/stack/HODL 语言，只能作为弱方向或市场情绪，不能单独视为 Strategy 当期买入确认,0.82,0.82,0.83,https://x.com/saylor/status/1943016689857368371
37,series,2025-07-08,2025-07-14,will-microstrategy-purchase-bitcoin-july-8-14,Will MicroStrategy purchase Bitcoin July 8-14?,BUY YES,YES,0.7,2025-07-11T15:04:58Z,hint_yes_weak,弱买入暗示: No Greg. It didn't happen. You can still buy Bitcoin for less than a million dollars.,chrome-x-search + x-oembed · 泛 buy/stack/HODL 语言，只能作为弱方向或市场情绪，不能单独视为 Strategy 当期买入确认,0.84,0.83,0.83,https://x.com/saylor/status/1943687967211499779
37,series,2025-07-08,2025-07-14,will-microstrategy-purchase-bitcoin-july-8-14,Will MicroStrategy purchase Bitcoin July 8-14?,BUY YES,YES,0.7,2025-07-12T12:03:24Z,hint_yes_weak,弱买入暗示: The Future is Orange pic.twitter.com/bJXvMFQfTo,chrome-x-search + x-oembed · 人工复核降级：The Future is Orange 属于 orange 叙事/梗，相关但不构成强买入暗示,0.89,0.852,0.85,https://x.com/saylor/status/1944004665114345566
37,series,2025-07-08,2025-07-14,will-microstrategy-purchase-bitcoin-july-8-14,Will MicroStrategy purchase Bitcoin July 8-14?,BUY YES,YES,0.7,2025-07-13T12:19:32Z,hint_yes_strong,强买入暗示: Some weeks you don’t just HODL. pic.twitter.com/PXC7cE3zbq,chrome-x-search + x-oembed · 语义结构与历史 dots/orange/work/HODL 买入或不买暗示一致，需结合价格曲线看是否已被交易,0.7352,0.986,0.982,https://x.com/saylor/status/1944371111782690837
37,series,2025-07-08,2025-07-14,will-microstrategy-purchase-bitcoin-july-8-14,Will MicroStrategy purchase Bitcoin July 8-14?,BUY YES,YES,0.7,2025-07-13T14:15:58Z,hint_yes_weak,弱买入暗示: it's a good morning to get more bitcoin greg,chrome-x-search + x-oembed · 泛 buy/stack/HODL 语言，只能作为弱方向或市场情绪，不能单独视为 Strategy 当期买入确认,0.981,0.977,0.986,https://x.com/saylor/status/1944400412448002084
37,series,2025-07-08,2025-07-14,will-microstrategy-purchase-bitcoin-july-8-14,Will MicroStrategy purchase Bitcoin July 8-14?,BUY YES,YES,0.7,2025-07-14T00:43:59Z,hint_yes_weak,弱买入暗示: A ₿uying Opportunity,chrome-x-search + x-oembed · 泛 buy/stack/HODL 语言，只能作为弱方向或市场情绪，不能单独视为 Strategy 当期买入确认,0.986,0.9854,0.987,https://x.com/saylor/status/1944558457589211552
37,series,2025-07-08,2025-07-14,will-microstrategy-purchase-bitcoin-july-8-14,Will MicroStrategy purchase Bitcoin July 8-14?,BUY YES,YES,0.7,2025-07-14T12:04:18Z,confirm_yes,"官方确认买入: Strategy has acquired 4,225 BTC for ~$472.5 million at ~$111,827 per bitcoin and has achieved BTC Yield of 20.2% YTD ",chrome-x-search + x-oembed · Saylor/Strategy 明确披露买入或未买入，是最终确认信号,0.999,0.9978,0.999,https://x.com/saylor/status/1944729668394930471
38,series,2025-07-15,2025-07-21,will-microstrategy-purchase-bitcoin-july-15-21,Will MicroStrategy purchase Bitcoin July 15-21?,SKIP,YES,0.92,2025-07-17T12:07:25Z,hint_yes_weak,"弱买入暗示: For the past five years, the only thing better than Bitcoin is More Bitcoin. pic.twitter.com/i0RhRbQKsK",chrome-x-search + x-oembed · 泛 buy/stack/HODL 语言，只能作为弱方向或市场情绪，不能单独视为 Strategy 当期买入确认,0.92,0.92,0.92,https://x.com/saylor/status/1945817614493667492
38,series,2025-07-15,2025-07-21,will-microstrategy-purchase-bitcoin-july-15-21,Will MicroStrategy purchase Bitcoin July 15-21?,SKIP,YES,0.92,2025-07-19T12:37:30Z,hint_yes_strong,强买入暗示: Working this Weekend. pic.twitter.com/3qofXMTIh7,chrome-x-search + x-oembed · 非模板工作暗示：Working this Weekend，结合随后买入确认，语义是周末仍在推进 Strategy 交易,0.92,0.93,0.93,https://x.com/saylor/status/1946549962000523547
38,series,2025-07-15,2025-07-21,will-microstrategy-purchase-bitcoin-july-15-21,Will MicroStrategy purchase Bitcoin July 15-21?,SKIP,YES,0.92,2025-07-20T12:17:15Z,hint_yes_weak,弱买入暗示: Stay Humble. Stack Sats. pic.twitter.com/aQyxsTXdhO,chrome-x-search + x-oembed · 泛 buy/stack/HODL 语言，只能作为弱方向或市场情绪，不能单独视为 Strategy 当期买入确认,0.7,0.99,0.991,https://x.com/saylor/status/1946907253178569191
38,series,2025-07-15,2025-07-21,will-microstrategy-purchase-bitcoin-july-15-21,Will MicroStrategy purchase Bitcoin July 15-21?,SKIP,YES,0.92,2025-07-21T12:03:08Z,confirm_yes,"官方确认买入: Strategy has acquired 6,220 BTC for ~$739.8 million at ~$118,940 per bitcoin and has achieved BTC Yield of 20.8% YTD ",chrome-x-search + x-oembed · Saylor/Strategy 明确披露买入或未买入，是最终确认信号,0.999,0.999,0.999,https://x.com/saylor/status/1947266086627360854
39,series,2025-07-22,2025-07-28,will-microstrategy-purchase-bitcoin-july-22-28,Will MicroStrategy purchase Bitcoin July 22-28?,SKIP,NO,0.535,2025-07-28T11:35:06Z,hint_yes_weak,弱买入暗示: Amplify the Orange pic.twitter.com/QDjPrHkzYF,chrome-x-search + x-oembed · 人工复核降级：Amplify the Orange 属于 orange 叙事/梗，相关但不构成强买入暗示,0.2862,0.33,0.01,https://x.com/saylor/status/1949795748192596034
40,series,2025-07-29,2025-08-04,will-microstrategy-purchase-bitcoin-july-29-august-4,Will MicroStrategy purchase Bitcoin July 29-August 4?,BUY YES,YES,0.815,2025-07-29T20:05:01Z,confirm_yes,"官方确认买入: Strategy has acquired 21,021 BTC for ~$2.46 billion at ~$117,256 per bitcoin and has achieved BTC Yield of 25.0% YTD ",chrome-x-search + x-oembed · Saylor/Strategy 明确披露买入或未买入，是最终确认信号,0.9413,0.99,0.998,https://x.com/saylor/status/1950286461028217048
41,series-missing,2025-08-05,2025-08-11,will-microstrategy-purchase-bitcoin-august-5-11,Will MicroStrategy purchase Bitcoin August 5-11?,BUY YES,YES,0.49,2025-08-06T14:26:11Z,hint_yes_weak,弱买入暗示: Buy Bitcoin,chrome-x-search + x-oembed · 泛 buy/stack/HODL 语言，只能作为弱方向或市场情绪，不能单独视为 Strategy 当期买入确认,0.81,0.81,0.83,https://x.com/saylor/status/1953100295686238661
41,series-missing,2025-08-05,2025-08-11,will-microstrategy-purchase-bitcoin-august-5-11,Will MicroStrategy purchase Bitcoin August 5-11?,BUY YES,YES,0.49,2025-08-07T12:08:26Z,hint_yes_weak,弱买入暗示: If I had bought Bitcoin sooner... pic.twitter.com/Q7OgVgxgf9,chrome-x-search + x-oembed · 泛 buy/stack/HODL 语言，只能作为弱方向或市场情绪，不能单独视为 Strategy 当期买入确认,0.84,0.84,0.84,https://x.com/saylor/status/1953428013959258217
41,series-missing,2025-08-05,2025-08-11,will-microstrategy-purchase-bitcoin-august-5-11,Will MicroStrategy purchase Bitcoin August 5-11?,BUY YES,YES,0.49,2025-08-10T11:07:57Z,hint_yes_weak,"弱买入暗示: If you don't stop buying Bitcoin, you won't stop making Money. pic.twitter.com/G9S2gPO1t8",x-weekly-browser-audit + x-oembed · 泛 buy/stack/HODL 语言，只能作为弱方向或市场情绪，不能单独视为 Strategy 当期买入确认,0.83,0.9694,0.979,https://x.com/saylor/status/1954499956003291388
41,series-missing,2025-08-05,2025-08-11,will-microstrategy-purchase-bitcoin-august-5-11,Will MicroStrategy purchase Bitcoin August 5-11?,BUY YES,YES,0.49,2025-08-11T12:02:39Z,confirm_yes,"官方确认买入: Strategy has acquired 155 BTC for ~$18.0 million at ~$116,401 per bitcoin and has achieved BTC Yield of 25.0% YTD 202",x-weekly-browser-audit + x-oembed · Saylor/Strategy 明确披露买入或未买入，是最终确认信号,0.999,0.999,0.999,https://x.com/saylor/status/1954876110891872558
42,series,2025-08-12,2025-08-18,will-microstrategy-purchase-bitcoin-august-12-18,Will MicroStrategy purchase Bitcoin August 12-18?,BUY YES,YES,0.745,2025-08-17T12:02:41Z,hint_yes_strong,强买入暗示: Insufficient Orange pic.twitter.com/QcRT0RTzEg,x-weekly-browser-audit + x-oembed · 语义结构与历史 dots/orange/work/HODL 买入或不买暗示一致，需结合价格曲线看是否已被交易,0.9455,0.99,0.99,https://x.com/saylor/status/1957050446146629790
42,series,2025-08-12,2025-08-18,will-microstrategy-purchase-bitcoin-august-12-18,Will MicroStrategy purchase Bitcoin August 12-18?,BUY YES,YES,0.745,2025-08-18T12:02:23Z,confirm_yes,"官方确认买入: Strategy has acquired 430 BTC for ~$51.4 million at ~$119,666 per bitcoin and has achieved BTC Yield of 25.1% YTD 202",x-weekly-browser-audit + x-oembed · Saylor/Strategy 明确披露买入或未买入，是最终确认信号,0.999,0.999,0.999,https://x.com/saylor/status/1957412760133779876
43,series,2025-08-19,2025-08-25,will-microstrategy-purchase-bitcoin-august-19-25,Will MicroStrategy purchase Bitcoin August 19-25?,BUY YES,YES,0.6,2025-08-22T20:46:32Z,hint_yes_weak,"弱买入暗示: Five years ago, $MSTR adopted the Bitcoin Standard. Since then, we’ve outperformed every asset class and every Magnif",x-weekly-browser-audit + x-oembed · 泛 buy/stack/HODL 语言，只能作为弱方向或市场情绪，不能单独视为 Strategy 当期买入确认,0.924,0.924,0.9567,https://x.com/saylor/status/1958994216543015417
43,series,2025-08-19,2025-08-25,will-microstrategy-purchase-bitcoin-august-19-25,Will MicroStrategy purchase Bitcoin August 19-25?,BUY YES,YES,0.6,2025-08-25T12:03:09Z,confirm_yes,"官方确认买入: Strategy has acquired 3,081 BTC for ~$356.9 million at ~$115,829 per bitcoin and has achieved BTC Yield of 25.4% YTD ",chrome-x-search + x-oembed · Saylor/Strategy 明确披露买入或未买入，是最终确认信号,0.999,0.999,0.999,https://x.com/saylor/status/1959949666482561098
44,series,2025-08-26,2025-09-01,will-microstrategy-purchase-bitcoin-august-26-september-1,Will MicroStrategy purchase Bitcoin August 26-September 1?,SKIP,NO,0.48,2025-08-29T07:56:37Z,hint_yes_weak,弱买入暗示: The Future is Orange pic.twitter.com/2uXdzSHwRD,chrome-x-search + x-oembed · 人工复核降级：The Future is Orange 属于 orange 叙事/梗，相关但不构成强买入暗示,0.35,0.42,0.42,https://x.com/saylor/status/1961337174801940785
45,series,2025-09-02,2025-09-08,will-microstrategy-purchase-bitcoin-september-2-8,Will MicroStrategy purchase Bitcoin September 2-8?,BUY YES,YES,0.86,2025-09-02T12:05:33Z,confirm_yes,"官方确认买入: Strategy has acquired 4,048 BTC for ~$449.3 million at ~$110,981 per bitcoin and has achieved BTC Yield of 25.7% YTD ",chrome-x-search + x-oembed · Saylor/Strategy 明确披露买入或未买入，是最终确认信号,0.955,0.995,0.989,https://x.com/saylor/status/1962849375824040406
46,series,2025-09-09,2025-09-15,will-microstrategy-purchase-bitcoin-september-9-15,Will MicroStrategy purchase Bitcoin September 9-15?,BUY YES,YES,0.535,2025-09-12T12:53:22Z,hint_yes_weak,弱买入暗示: The Future is Orange pic.twitter.com/9gNzNItknK,chrome-x-search + x-oembed · 人工复核降级：The Future is Orange 属于 orange 叙事/梗，相关但不构成强买入暗示,0.94,0.94,0.94,https://x.com/saylor/status/1966485284691882219
46,series,2025-09-09,2025-09-15,will-microstrategy-purchase-bitcoin-september-9-15,Will MicroStrategy purchase Bitcoin September 9-15?,BUY YES,YES,0.535,2025-09-15T12:02:07Z,confirm_yes,"官方确认买入: Strategy has acquired 525 BTC for ~$60.2 million at ~$114,562 per bitcoin and has achieved BTC Yield of 25.9% YTD 202",chrome-x-search + x-oembed · Saylor/Strategy 明确披露买入或未买入，是最终确认信号,0.9981,0.9981,0.999,https://x.com/saylor/status/1967559553090003246
47,series,2025-09-16,2025-09-22,will-microstrategy-purchase-bitcoin-september-16-22,Will Microstrategy announce a Bitcoin purchase September 16-22?,BUY YES,YES,0.515,2025-09-21T12:21:46Z,hint_yes_strong,强买入暗示: The Orange Dots go up and to the right. pic.twitter.com/CrTo7DQ9qw,chrome-x-search + x-oembed · Orange dots 系列：go up and to the right，指向新增买入点持续增加,0.944,0.99,0.994,https://x.com/saylor/status/1969738824965079419
47,series,2025-09-16,2025-09-22,will-microstrategy-purchase-bitcoin-september-16-22,Will Microstrategy announce a Bitcoin purchase September 16-22?,BUY YES,YES,0.515,2025-09-22T12:02:11Z,confirm_yes,"官方确认买入: Strategy has acquired 850 BTC for ~$99.7 million at ~$117,344 per bitcoin and has achieved BTC Yield of 26.0% YTD 202",chrome-x-search + x-oembed · Saylor/Strategy 明确披露买入或未买入，是最终确认信号,0.999,0.999,0.999,https://x.com/saylor/status/1970096282543783964
48,series,2025-09-23,2025-09-29,will-microstrategy-announce-a-bitcoin-purchase-september-23-29,Will Microstrategy announce a Bitcoin purchase September 23-29?,BUY YES,YES,0.735,2025-09-28T12:39:39Z,hint_yes_weak,弱买入暗示: Always ₿e Stacking pic.twitter.com/XMT5rA0DYL,chrome-x-search + x-oembed · 人工复核降级：Always ₿e Stacking 与买入主题相关，但没有 Strategy 当期交易、dots 或时间锚,0.96,0.971,0.9724,https://x.com/saylor/status/1972280039208304713
48,series,2025-09-23,2025-09-29,will-microstrategy-announce-a-bitcoin-purchase-september-23-29,Will Microstrategy announce a Bitcoin purchase September 23-29?,BUY YES,YES,0.735,2025-09-29T12:01:44Z,confirm_yes,"官方确认买入: Strategy has acquired 196 BTC for ~$22.1 million at ~$113,048 per bitcoin. As of 9/28/2025, we hodl 640,031 $BTC acqu",chrome-x-search + x-oembed · Saylor/Strategy 明确披露买入或未买入，是最终确认信号,0.999,0.999,0.999,https://x.com/saylor/status/1972632884398989754
48,series,2025-09-23,2025-09-29,will-microstrategy-announce-a-bitcoin-purchase-september-23-29,Will Microstrategy announce a Bitcoin purchase September 23-29?,BUY YES,YES,0.735,2025-09-29T12:19:27Z,hint_yes_weak,弱买入暗示: buy bitcoin,chrome-x-search + x-oembed · 泛 buy/stack/HODL 语言，只能作为弱方向或市场情绪，不能单独视为 Strategy 当期买入确认,0.999,0.999,0.999,https://x.com/saylor/status/1972637342859989454
49,series,2025-09-30,2025-10-06,will-microstrategy-announce-a-bitcoin-purchase-september-30-october-6,Will Microstrategy announce a Bitcoin purchase September 30-October 6?,BUY YES,NO,0.59,2025-09-30T12:16:11Z,hint_yes_weak,弱买入暗示: Orange is Coming pic.twitter.com/rzgOrEkJTd,chrome-x-search + x-oembed · 人工复核降级：Orange is Coming 有方向性但语义太泛，作为弱买入/市场注意力信号处理,0.94,0.94,0.94,https://x.com/saylor/status/1972998912069038211
49,series,2025-09-30,2025-10-06,will-microstrategy-announce-a-bitcoin-purchase-september-30-october-6,Will Microstrategy announce a Bitcoin purchase September 30-October 6?,BUY YES,NO,0.59,2025-10-02T11:53:15Z,hint_yes_weak,弱买入暗示: The Future is Orange pic.twitter.com/APvF65ekU9,x-weekly-browser-audit + x-oembed · 泛 buy/stack/HODL 语言，只能作为弱方向或市场情绪，不能单独视为 Strategy 当期买入确认,0.85,0.85,0.8316,https://x.com/saylor/status/1973717916974809242
49,series,2025-09-30,2025-10-06,will-microstrategy-announce-a-bitcoin-purchase-september-30-october-6,Will Microstrategy announce a Bitcoin purchase September 30-October 6?,BUY YES,NO,0.59,2025-10-05T12:23:57Z,hint_no_strong,强不买暗示: No new orange dots this week — just a $9 billion reminder of why we HODL. pic.twitter.com/P84m14WF3G,x/oEmbed · 语义结构与历史 dots/orange/work/HODL 买入或不买暗示一致，需结合价格曲线看是否已被交易,0.2,0.0108,0.005,https://x.com/saylor/status/1974812802968609278
49,series,2025-09-30,2025-10-06,will-microstrategy-announce-a-bitcoin-purchase-september-30-october-6,Will Microstrategy announce a Bitcoin purchase September 30-October 6?,BUY YES,NO,0.59,2025-10-05T18:02:47Z,hint_yes_weak,弱买入暗示: Buy Bitcoin MrBeast.,chrome-x-search + x-oembed · 泛 buy/stack/HODL 语言，只能作为弱方向或市场情绪，不能单独视为 Strategy 当期买入确认,0.003,0.003,0.002,https://x.com/saylor/status/1974898072825245874
50,series,2025-10-07,2025-10-13,will-microstrategy-announce-a-bitcoin-purchase-october-7-13,Will Microstrategy announce a Bitcoin purchase October 7-13?,SKIP,YES,0.66,2025-10-07T12:25:56Z,hint_yes_weak,弱买入暗示: Ride the Orange Rocket pic.twitter.com/pgfeMu2Otf,x-weekly-browser-audit + x-oembed · 泛 buy/stack/HODL 语言，只能作为弱方向或市场情绪，不能单独视为 Strategy 当期买入确认,0.7,0.7,0.72,https://x.com/saylor/status/1975538079567106087
50,series,2025-10-07,2025-10-13,will-microstrategy-announce-a-bitcoin-purchase-october-7-13,Will Microstrategy announce a Bitcoin purchase October 7-13?,SKIP,YES,0.66,2025-10-13T12:02:59Z,confirm_yes,"官方确认买入: Strategy has acquired 220 BTC for ~$27.2 million at ~$123,561 per bitcoin and has achieved BTC Yield of 25.9% YTD 202",chrome-x-search + x-oembed · Saylor/Strategy 明确披露买入或未买入，是最终确认信号,0.99,0.99,0.999,https://x.com/saylor/status/1977706632567001430
51,series,2025-10-14,2025-10-20,will-microstrategy-announce-a-bitcoin-purchase-october-14-20,Will Microstrategy announce a Bitcoin purchase October 14-20?,SKIP,YES,0.51,2025-10-19T12:08:22Z,hint_yes_strong,强买入暗示: The most important orange dot is always the next. pic.twitter.com/N5GQOdqr6y,chrome-x-search + x-oembed · 语义结构与历史 dots/orange/work/HODL 买入或不买暗示一致，需结合价格曲线看是否已被交易,0.96,0.9758,0.98,https://x.com/saylor/status/1979882314751689050
51,series,2025-10-14,2025-10-20,will-microstrategy-announce-a-bitcoin-purchase-october-14-20,Will Microstrategy announce a Bitcoin purchase October 14-20?,SKIP,YES,0.51,2025-10-20T12:03:13Z,confirm_yes,"官方确认买入: Strategy has acquired 168 BTC for ~$18.8 million at ~$112,051 per bitcoin and has achieved BTC Yield of 26.0% YTD 202",x-weekly-browser-audit + x-oembed · Saylor/Strategy 明确披露买入或未买入，是最终确认信号,0.999,0.999,0.999,https://x.com/saylor/status/1980243404937474444
52,series,2025-10-21,2025-10-27,will-microstrategy-announce-a-bitcoin-purchase-october-21-27,Will Microstrategy announce a Bitcoin purchase October 21-27?,SKIP,YES,0.56,2025-10-24T13:13:57Z,hint_yes_weak,弱买入暗示: Don’t wait until your banker tells you to buy Bitcoin. https://t.co/7brBqMKAOI,chrome-x-search + x-oembed · 泛 buy/stack/HODL 语言，只能作为弱方向或市场情绪，不能单独视为 Strategy 当期买入确认,0.87,0.87,0.87,https://x.com/saylor/status/1981710754832355569
52,series,2025-10-21,2025-10-27,will-microstrategy-announce-a-bitcoin-purchase-october-21-27,Will Microstrategy announce a Bitcoin purchase October 21-27?,SKIP,YES,0.56,2025-10-26T11:22:21Z,hint_yes_strong,强买入暗示: It's Orange Dot Day. pic.twitter.com/5FSGmxwoNS,chrome-x-search + x-oembed · 语义结构与历史 dots/orange/work/HODL 买入或不买暗示一致，需结合价格曲线看是否已被交易,0.84,0.91,0.96,https://x.com/saylor/status/1982407446485422228
52,series,2025-10-21,2025-10-27,will-microstrategy-announce-a-bitcoin-purchase-october-21-27,Will Microstrategy announce a Bitcoin purchase October 21-27?,SKIP,YES,0.56,2025-10-27T12:02:44Z,confirm_yes,"官方确认买入: Strategy has acquired 390 BTC for ~$43.4 million at ~$111,053 per bitcoin and has achieved BTC Yield of 26.0% YTD 202",chrome-x-search + x-oembed · Saylor/Strategy 明确披露买入或未买入，是最终确认信号,0.9843,0.9843,0.9843,https://x.com/saylor/status/1982779998609293775
53,series,2025-10-28,2025-11-03,will-microstrategy-announce-a-bitcoin-purchase-october-28-november-3,Will Microstrategy announce a Bitcoin purchase October 28-November 3?,BUY YES,YES,0.755,2025-11-02T12:39:57Z,hint_yes_weak,弱买入暗示: Orange is the color of November. pic.twitter.com/M3JoIuDpRk,chrome-x-search + x-oembed · 人工复核降级：Orange is the color of November 属于 orange 叙事/梗，相关但不构成强买入暗示,0.9945,0.994,0.9882,https://x.com/saylor/status/1984963690609688899
53,series,2025-10-28,2025-11-03,will-microstrategy-announce-a-bitcoin-purchase-october-28-november-3,Will Microstrategy announce a Bitcoin purchase October 28-November 3?,BUY YES,YES,0.755,2025-11-03T13:02:57Z,confirm_yes,"官方确认买入: Strategy has acquired 397 BTC for ~$45.6 million at ~$114,771 per bitcoin and has achieved BTC Yield of 26.1% YTD 202",chrome-x-search + x-oembed · Saylor/Strategy 明确披露买入或未买入，是最终确认信号,0.999,0.999,0.999,https://x.com/saylor/status/1985331865687875598
54,series,2025-11-04,2025-11-10,will-microstrategy-announce-a-bitcoin-purchase-november-4-10,Will Microstrategy announce a Bitcoin purchase November 4-10?,BUY YES,YES,0.545,2025-11-08T14:28:16Z,hint_yes_weak,弱买入暗示: ₿uy Now,chrome-x-search + x-oembed · 泛 buy/stack/HODL 语言，只能作为弱方向或市场情绪，不能单独视为 Strategy 当期买入确认,0.9311,0.9311,0.9355,https://x.com/saylor/status/1987165276027105557
54,series,2025-11-04,2025-11-10,will-microstrategy-announce-a-bitcoin-purchase-november-4-10,Will Microstrategy announce a Bitcoin purchase November 4-10?,BUY YES,YES,0.545,2025-11-10T13:02:00Z,confirm_yes,"官方确认买入: Strategy has acquired 487 BTC for ~$49.9 million at ~$102,557 per bitcoin and has achieved BTC Yield of 26.1% YTD 202",chrome-x-search + x-oembed · Saylor/Strategy 明确披露买入或未买入，是最终确认信号,0.999,0.999,0.999,https://x.com/saylor/status/1987868344494489809
55,series,2025-11-11,2025-11-17,will-microstrategy-announce-a-bitcoin-purchase-november-11-17,Will Microstrategy announce a Bitcoin purchase November 11-17?,BUY YES,YES,0.79,2025-11-14T12:22:47Z,hint_no_weak,弱不买暗示: HODL pic.twitter.com/sQysm4i88t,chrome-x-search + x-oembed · 泛 buy/stack/HODL 语言，只能作为弱方向或市场情绪，不能单独视为 Strategy 当期买入确认,0.9506,0.9644,0.946,https://x.com/saylor/status/1989308024817598534
55,series,2025-11-11,2025-11-17,will-microstrategy-announce-a-bitcoin-purchase-november-11-17,Will Microstrategy announce a Bitcoin purchase November 11-17?,BUY YES,YES,0.79,2025-11-14T14:19:38Z,hint_yes_weak,弱买入暗示: We are ₿uying. pic.twitter.com/6g11E9G6pO,chrome-x-search + x-oembed · 泛 buy/stack/HODL 语言，只能作为弱方向或市场情绪，不能单独视为 Strategy 当期买入确认,0.957,0.957,0.985,https://x.com/saylor/status/1989337430441271341
55,series,2025-11-11,2025-11-17,will-microstrategy-announce-a-bitcoin-purchase-november-11-17,Will Microstrategy announce a Bitcoin purchase November 11-17?,BUY YES,YES,0.79,2025-11-14T21:11:59Z,hint_yes_strong,强买入暗示: We bought bitcoin every day this week.,chrome-x-search + x-oembed · 语义结构与历史 dots/orange/work/HODL 买入或不买暗示一致，需结合价格曲线看是否已被交易,0.985,0.999,0.993,https://x.com/saylor/status/1989441203767771389
55,series,2025-11-11,2025-11-17,will-microstrategy-announce-a-bitcoin-purchase-november-11-17,Will Microstrategy announce a Bitcoin purchase November 11-17?,BUY YES,YES,0.79,2025-11-17T13:26:09Z,confirm_yes,"官方确认买入: Strategy has acquired 8,178 BTC for ~$835.6 million at ~$102,171 per bitcoin and has achieved BTC Yield of 27.8% YTD ",chrome-x-search + x-oembed · Saylor/Strategy 明确披露买入或未买入，是最终确认信号,0.9989,0.999,0.999,https://x.com/saylor/status/1990411134009061658
56,series,2025-11-18,2025-11-24,will-microstrategy-announce-a-bitcoin-purchase-november-18-24,Will Microstrategy announce a Bitcoin purchase November 18-24?,BUY YES,NO,0.62,2025-11-22T13:21:59Z,hint_no_strong,强不买暗示: Did you HODL this week?,chrome-x-search + x-oembed · 语义结构与历史 dots/orange/work/HODL 买入或不买暗示一致，需结合价格曲线看是否已被交易,0.6,0.6,0.6,https://x.com/saylor/status/1992222026849829155
57,series,2025-11-25,2025-12-01,will-microstrategy-announce-a-bitcoin-purchase-november-25-december-1,Will Microstrategy announce a Bitcoin purchase November 25-December 1?,BUY YES,YES,0.71,2025-11-30T13:14:27Z,hint_yes_strong,强买入暗示: What if we start adding green dots? pic.twitter.com/a19bD33KzD,chrome-x-search + x-oembed · Green dots 系列：What if we start adding green dots，语义是开始新增买入点,0.74,0.97,0.979,https://x.com/saylor/status/1995119235194855696
57,series,2025-11-25,2025-12-01,will-microstrategy-announce-a-bitcoin-purchase-november-25-december-1,Will Microstrategy announce a Bitcoin purchase November 25-December 1?,BUY YES,YES,0.71,2025-12-01T13:04:20Z,confirm_yes,"官方确认买入: Strategy has acquired 130 BTC for ~$11.7 million at ~$89,960 per bitcoin. As of 11/30/2025, we hodl 650,000 $BTC acqu",chrome-x-search + x-oembed · Saylor/Strategy 明确披露买入或未买入，是最终确认信号,0.999,0.999,0.999,https://x.com/saylor/status/1995479074139988225
58,series,2025-12-02,2025-12-08,will-microstrategy-announce-a-bitcoin-purchase-december-2-8,Will Microstrategy announce a Bitcoin purchase December 2-8?,BUY YES,YES,0.5,2025-12-02T14:27:34Z,hint_yes_strong,强买入暗示: ₿ack to work pic.twitter.com/qd6E8R29Np,chrome-x-search + x-oembed · 语义结构与历史 dots/orange/work/HODL 买入或不买暗示一致，需结合价格曲线看是否已被交易,0.74,0.74,0.74,https://x.com/saylor/status/1995862408787886293
58,series,2025-12-02,2025-12-08,will-microstrategy-announce-a-bitcoin-purchase-december-2-8,Will Microstrategy announce a Bitcoin purchase December 2-8?,BUY YES,YES,0.5,2025-12-07T13:58:52Z,hint_yes_strong,强买入暗示: ₿ack to Orange Dots? pic.twitter.com/npB0NWSZ52,chrome-x-search + x-oembed · 语义结构与历史 dots/orange/work/HODL 买入或不买暗示一致，需结合价格曲线看是否已被交易,0.93,0.9897,0.99,https://x.com/saylor/status/1997667127524798588
58,series,2025-12-02,2025-12-08,will-microstrategy-announce-a-bitcoin-purchase-december-2-8,Will Microstrategy announce a Bitcoin purchase December 2-8?,BUY YES,YES,0.5,2025-12-08T13:03:50Z,confirm_yes,"官方确认买入: Strategy has acquired 10,624 BTC for ~$962.7 million at ~$90,615 per bitcoin and has achieved BTC Yield of 24.7% YTD ",chrome-x-search + x-oembed · Saylor/Strategy 明确披露买入或未买入，是最终确认信号,0.999,0.999,0.999,https://x.com/saylor/status/1998015666344054815
59,series,2025-12-09,2025-12-15,will-microstrategy-announce-a-bitcoin-purchase-december-9-15,Will Microstrategy announce a Bitcoin purchase December 9-15?,BUY YES,YES,0.67,2025-12-14T13:34:33Z,hint_yes_strong,强买入暗示: ₿ack to More Orange Dots. pic.twitter.com/rBi1aagDVO,chrome-x-search + x-oembed · 语义结构与历史 dots/orange/work/HODL 买入或不买暗示一致，需结合价格曲线看是否已被交易,0.9665,0.996,0.99,https://x.com/saylor/status/2000197722716962874
59,series,2025-12-09,2025-12-15,will-microstrategy-announce-a-bitcoin-purchase-december-9-15,Will Microstrategy announce a Bitcoin purchase December 9-15?,BUY YES,YES,0.67,2025-12-15T13:03:47Z,confirm_yes,"官方确认买入: Strategy has acquired 10,645 BTC for ~$980.3 million at ~$92,098 per bitcoin and has achieved BTC Yield of 24.9% YTD ",chrome-x-search + x-oembed · Saylor/Strategy 明确披露买入或未买入，是最终确认信号,0.999,0.999,0.999,https://x.com/saylor/status/2000552369172701538
60,series,2025-12-16,2025-12-22,will-microstrategy-announce-a-bitcoin-purchase-december-16-22,Will Microstrategy announce a Bitcoin purchase December 16-22?,BUY YES,NO,0.615,2025-12-18T12:42:32Z,hint_yes_strong,强买入暗示: ₿ack to Work pic.twitter.com/qNoohqcb2O,chrome-x-search + x-oembed · 语义结构与历史 dots/orange/work/HODL 买入或不买暗示一致，需结合价格曲线看是否已被交易,0.636,0.605,0.797,https://x.com/saylor/status/2001634184402817026
60,series,2025-12-16,2025-12-22,will-microstrategy-announce-a-bitcoin-purchase-december-16-22,Will Microstrategy announce a Bitcoin purchase December 16-22?,BUY YES,NO,0.615,2025-12-21T14:40:09Z,hint_yes_strong,强买入暗示: Green Dots ₿eget Orange Dots. pic.twitter.com/aLdvPe4YuG,chrome-x-search + x-oembed · Dots 系列：Green Dots beget Orange Dots，语义是点位延续/新增,0.104,0.5,0.148,https://x.com/saylor/status/2002750945357435383
61,series,2025-12-23,2025-12-29,will-microstrategy-announce-a-bitcoin-purchase-december-23-29,Will Microstrategy announce a Bitcoin purchase December 23-29?,BUY YES,YES,0.785,2025-12-28T13:39:23Z,hint_yes_weak,弱买入暗示: Back to Orange. pic.twitter.com/J3lnpOObER,chrome-x-search + x-oembed · 人工复核降级：Back to Orange 与买入主题相关，但没有 dots/work/当期交易指向,0.7064,0.93,0.952,https://x.com/saylor/status/2005272369791955273
61,series,2025-12-23,2025-12-29,will-microstrategy-announce-a-bitcoin-purchase-december-23-29,Will Microstrategy announce a Bitcoin purchase December 23-29?,BUY YES,YES,0.785,2025-12-29T13:02:10Z,confirm_yes,"官方确认买入: Strategy has acquired 1,229 BTC for ~$108.8 million at ~$88,568 per bitcoin and has achieved BTC Yield of 23.2% YTD 2",chrome-x-search + x-oembed · Saylor/Strategy 明确披露买入或未买入，是最终确认信号,0.999,0.999,0.999,https://x.com/saylor/status/2005625390283497952
62,series,2025-12-30,2026-01-05,will-microstrategy-announce-a-bitcoin-purchase-december-30-january-5,Will Microstrategy announce a Bitcoin purchase December 30-January 5?,BUY YES,YES,0.275,2025-12-31T14:17:15Z,hint_yes_weak,弱买入暗示: Did you end the year with more Bitcoin than you started with?,chrome-x-search + x-oembed · 泛 buy/stack/HODL 语言，只能作为弱方向或市场情绪，不能单独视为 Strategy 当期买入确认,0.67,0.67,0.67,https://x.com/saylor/status/2006369060003746080
62,series,2025-12-30,2026-01-05,will-microstrategy-announce-a-bitcoin-purchase-december-30-january-5,Will Microstrategy announce a Bitcoin purchase December 30-January 5?,BUY YES,YES,0.275,2026-01-05T13:03:02Z,confirm_yes,"官方确认买入: Strategy has acquired 1,287 BTC to increase its BTC Reserve to ₿673,783 and has increased its USD Reserve by $62 mill",chrome-x-search + x-oembed · Saylor/Strategy 明确披露买入或未买入，是最终确认信号,0.999,0.999,0.999,https://x.com/saylor/status/2008162324100640955
63,series,2026-01-06,2026-01-12,will-microstrategy-announce-a-bitcoin-purchase-january-6-12,Will Microstrategy announce a Bitcoin purchase January 6-12?,BUY YES,YES,0.565,2026-01-12T13:02:43Z,confirm_yes,"官方确认买入: Strategy has acquired 13,627 BTC for ~$1.25 billion at ~$91,519 per bitcoin. As of 1/11/2026, we hodl 687,410 $BTC ac",chrome-x-search + x-oembed · Saylor/Strategy 明确披露买入或未买入，是最终确认信号,0.999,0.999,0.999,https://x.com/saylor/status/2010698959426105389
64,series,2026-01-13,2026-01-19,will-microstrategy-announce-a-bitcoin-purchase-january-13-19,Will Microstrategy announce a Bitcoin purchase January 13-19?,SKIP,NO,0.62,2026-01-18T13:07:55Z,hint_yes_weak,弱买入暗示: ₿igger Orange. pic.twitter.com/HI47hMCnui,chrome-x-search + x-oembed · 人工复核升级：Bigger Orange 属于 orange 图像/梗的弱买入暗示，且分钟级价格快速上冲；但缺少 dots/Strategy 买入字样，后验为误导/假阳性,0.25,0.69,0.6,https://x.com/saylor/status/2012874594613416217
65,series,2026-01-20,2026-01-26,will-microstrategy-announce-a-bitcoin-purchase-january-20-26,Will Microstrategy announce a Bitcoin purchase January 20-26?,SKIP,YES,0.5,2026-01-20T13:02:46Z,confirm_yes,"官方确认买入: Strategy has acquired 22,305 BTC for ~$2.13 billion at ~$95,284 per bitcoin. As of 1/19/2026, we hodl 709,715 $BTC ac",chrome-x-search + x-oembed · Saylor/Strategy 明确披露买入或未买入，是最终确认信号,0.999,0.999,0.999,https://x.com/saylor/status/2013598074652762294
66,series,2026-01-27,2026-02-02,will-microstrategy-announce-a-bitcoin-purchase-january-27-february-2,Will Microstrategy announce a Bitcoin purchase January 27-February 2?,SKIP,YES,0.535,2026-02-01T14:08:32Z,hint_yes_strong,强买入暗示: More Orange. pic.twitter.com/b5iYIMARJX,chrome-x-search + x-oembed · 语义结构与历史 dots/orange/work/HODL 买入或不买暗示一致，需结合价格曲线看是否已被交易,0.87,0.88,0.7171,https://x.com/saylor/status/2017963281856545191
66,series,2026-01-27,2026-02-02,will-microstrategy-announce-a-bitcoin-purchase-january-27-february-2,Will Microstrategy announce a Bitcoin purchase January 27-February 2?,SKIP,YES,0.535,2026-02-02T13:02:25Z,confirm_yes,"官方确认买入: Strategy has acquired 855 BTC for ~$75.3 million at ~$87,974 per bitcoin. As of 2/1/2026, we hodl 713,502 $BTC acquir",chrome-x-search + x-oembed · Saylor/Strategy 明确披露买入或未买入，是最终确认信号,0.999,0.999,0.999,https://x.com/saylor/status/2018309030360363422
67,series,2026-02-03,2026-02-09,will-microstrategy-announce-a-bitcoin-purchase-february-3-9,Will Microstrategy announce a Bitcoin purchase February 3-9?,BUY YES,YES,0.73,2026-02-03T13:40:21Z,hint_yes_weak,弱买入暗示: The Rules of Bitcoin 1. Buy Bitcoin 2. Don't Sell the Bitcoin,chrome-x-search + x-oembed · 泛 buy/stack/HODL 语言，只能作为弱方向或市场情绪，不能单独视为 Strategy 当期买入确认,0.82,0.82,0.82,https://x.com/saylor/status/2018680962784145871
67,series,2026-02-03,2026-02-09,will-microstrategy-announce-a-bitcoin-purchase-february-3-9,Will Microstrategy announce a Bitcoin purchase February 3-9?,BUY YES,YES,0.73,2026-02-05T15:01:53Z,hint_no_weak,弱不买暗示: HODL,chrome-x-search + x-oembed · 泛 buy/stack/HODL 语言，只能作为弱方向或市场情绪，不能单独视为 Strategy 当期买入确认,0.89,0.89,0.89,https://x.com/saylor/status/2019426255268204617
67,series,2026-02-03,2026-02-09,will-microstrategy-announce-a-bitcoin-purchase-february-3-9,Will Microstrategy announce a Bitcoin purchase February 3-9?,BUY YES,YES,0.73,2026-02-08T13:16:23Z,hint_yes_strong,强买入暗示: Orange Dots Matter. pic.twitter.com/QYLQpgoWbQ,chrome-x-search + x-oembed · Orange dots 系列：Orange Dots Matter，语义偏新增买入点提示,0.9506,0.9887,0.9859,https://x.com/saylor/status/2020486871394992570
67,series,2026-02-03,2026-02-09,will-microstrategy-announce-a-bitcoin-purchase-february-3-9,Will Microstrategy announce a Bitcoin purchase February 3-9?,BUY YES,YES,0.73,2026-02-09T13:03:52Z,confirm_yes,"官方确认买入: Strategy has acquired 1,142 BTC for ~$90.0 million at ~$78,815 per bitcoin. As of 2/8/2026, we hodl 714,644 $BTC acqu",chrome-x-search + x-oembed · Saylor/Strategy 明确披露买入或未买入，是最终确认信号,0.999,0.999,0.999,https://x.com/saylor/status/2020846107685695931
69,series,2026-02-17,2026-02-23,will-microstrategy-announce-a-bitcoin-purchase-february-17-23,Will Microstrategy announce a Bitcoin purchase February 17-23?,BUY YES,YES,0.83,2026-02-17T13:02:33Z,confirm_yes,"官方确认买入: Strategy has acquired 2,486 BTC for ~$168.4 million at ~$67,710 per bitcoin. As of 2/16/2026, we hodl 717,131 $BTC ac",chrome-x-search + x-oembed · Saylor/Strategy 明确披露买入或未买入，是最终确认信号,0.9983,0.9983,0.999,https://x.com/saylor/status/2023744880577548457
70,series,2026-02-24,2026-03-02,will-microstrategy-announce-a-bitcoin-purchase-february-24-march-2,Will Microstrategy announce a Bitcoin purchase February 24-March 2?,BUY YES,YES,0.69,2026-02-26T15:05:31Z,hint_yes_weak,弱买入暗示: Need a bigger orange bag. pic.twitter.com/DoVuklGMFr,chrome-x-search + x-oembed · 人工复核降级：Need a bigger orange bag 与 orange/stacking 相关，但不是明确新增 dots 或 Strategy 买入,0.945,0.945,0.945,https://x.com/saylor/status/2027037317337412040
70,series,2026-02-24,2026-03-02,will-microstrategy-announce-a-bitcoin-purchase-february-24-march-2,Will Microstrategy announce a Bitcoin purchase February 24-March 2?,BUY YES,YES,0.69,2026-03-02T13:02:42Z,confirm_yes,"官方确认买入: Strategy has acquired 3,015 BTC for ~$204.1 million at ~$67,700 per bitcoin. As of 3/1/2026, we hodl 720,737 $BTC acq",chrome-x-search + x-oembed · Saylor/Strategy 明确披露买入或未买入，是最终确认信号,0.9984,0.9984,0.999,https://x.com/saylor/status/2028455962181574791
71,series,2026-03-03,2026-03-09,will-microstrategy-announce-a-bitcoin-purchase-march-3-9,Will Microstrategy announce a Bitcoin purchase March 3-9?,BUY YES,YES,0.71,2026-03-03T16:36:43Z,hint_yes_weak,弱买入暗示: I'm buying bitcoin right now. Are you?,chrome-x-search + x-oembed · 泛 buy/stack/HODL 语言，只能作为弱方向或市场情绪，不能单独视为 Strategy 当期买入确认,0.962,0.962,0.964,https://x.com/saylor/status/2028872206025998707
71,series,2026-03-03,2026-03-09,will-microstrategy-announce-a-bitcoin-purchase-march-3-9,Will Microstrategy announce a Bitcoin purchase March 3-9?,BUY YES,YES,0.71,2026-03-04T16:48:12Z,hint_yes_weak,弱买入暗示: We can buy more Bitcoin than they can sell.,chrome-x-search + x-oembed · 泛 buy/stack/HODL 语言，只能作为弱方向或市场情绪，不能单独视为 Strategy 当期买入确认,0.987,0.987,0.987,https://x.com/saylor/status/2029237484727542226
71,series,2026-03-03,2026-03-09,will-microstrategy-announce-a-bitcoin-purchase-march-3-9,Will Microstrategy announce a Bitcoin purchase March 3-9?,BUY YES,YES,0.71,2026-03-09T12:01:17Z,confirm_yes,"官方确认买入: Strategy has acquired 17,994 BTC for ~$1.28 billion at ~$70,946 per bitcoin. As of 3/8/2026, we hodl 738,731 $BTC acq",chrome-x-search + x-oembed · Saylor/Strategy 明确披露买入或未买入，是最终确认信号,0.9989,0.9989,0.9989,https://x.com/saylor/status/2030977218726244562
72,series,2026-03-10,2026-03-16,will-microstrategy-announce-a-bitcoin-purchase-march-10-16,Will Microstrategy announce a Bitcoin purchase March 10-16?,BUY YES,YES,0.655,2026-03-15T11:47:44Z,hint_yes_strong,强买入暗示: Stretch the Orange Dots. pic.twitter.com/WMVPUxlIcx,chrome-x-search + x-oembed · Orange dots 系列：Stretch the Orange Dots，语义偏新增/拉长买入点,0.9819,0.984,0.995,https://x.com/saylor/status/2033148137678704725
72,series,2026-03-10,2026-03-16,will-microstrategy-announce-a-bitcoin-purchase-march-10-16,Will Microstrategy announce a Bitcoin purchase March 10-16?,BUY YES,YES,0.655,2026-03-16T12:01:50Z,confirm_yes,"官方确认买入: Strategy has acquired 22,337 BTC for ~$1.57 billion at ~$70,194 per bitcoin. As of 3/15/2026, we hodl 761,068 $BTC ac",chrome-x-search + x-oembed · Saylor/Strategy 明确披露买入或未买入，是最终确认信号,0.999,0.999,0.999,https://x.com/saylor/status/2033514074156179922
73,series,2026-03-17,2026-03-23,will-microstrategy-announce-a-bitcoin-purchase-march-17-23,Will Microstrategy announce a Bitcoin purchase March 17-23?,BUY YES,YES,0.7,2026-03-23T12:03:03Z,confirm_yes,"官方确认买入: Strategy has acquired 1,031 BTC for ~$76.6 million at ~$74,326 per bitcoin. As of 3/22/2026, we hodl 762,099 $BTC acq",chrome-x-search + x-oembed · Saylor/Strategy 明确披露买入或未买入，是最终确认信号,0.9974,0.999,0.999,https://x.com/saylor/status/2036051094309068931
75,series,2026-03-31,2026-04-06,will-microstrategy-announce-a-bitcoin-purchase-march-31-april-6,Will Microstrategy announce a Bitcoin purchase March 31-April 6?,BUY YES,YES,0.5,2026-04-03T17:45:07Z,hint_yes_weak,弱买入暗示: It’s a Good Friday to buy Bitcoin.,chrome-x-search + x-oembed · 泛 buy/stack/HODL 语言，只能作为弱方向或市场情绪，不能单独视为 Strategy 当期买入确认,0.979,0.979,0.9796,https://x.com/saylor/status/2040123446311481643
75,series,2026-03-31,2026-04-06,will-microstrategy-announce-a-bitcoin-purchase-march-31-april-6,Will Microstrategy announce a Bitcoin purchase March 31-April 6?,BUY YES,YES,0.5,2026-04-05T12:38:19Z,hint_yes_strong,强买入暗示: ₿ack to Work. pic.twitter.com/mbZTWiNUct,chrome-x-search + x-oembed · 语义结构与历史 dots/orange/work/HODL 买入或不买暗示一致，需结合价格曲线看是否已被交易,0.95,0.994,0.993,https://x.com/saylor/status/2040771010186596441
75,series,2026-03-31,2026-04-06,will-microstrategy-announce-a-bitcoin-purchase-march-31-april-6,Will Microstrategy announce a Bitcoin purchase March 31-April 6?,BUY YES,YES,0.5,2026-04-06T12:05:37Z,confirm_yes,"官方确认买入: Strategy has acquired 4,871 BTC for ~$329.9 million at ~$67,718 per bitcoin. As of 4/5/2026, we hold 766,970 $BTC acq",chrome-x-search + x-oembed · Saylor/Strategy 明确披露买入或未买入，是最终确认信号,0.999,0.999,0.999,https://x.com/saylor/status/2041125172225192100
76,series,2026-04-07,2026-04-13,will-microstrategy-announce-a-bitcoin-purchase-april-7-13,Will Microstrategy announce a Bitcoin purchase April 7-13?,BUY YES,YES,0.765,2026-04-09T12:43:20Z,hint_yes_weak,弱买入暗示: Still stacking. $BTC,chrome-x-search + x-oembed · 人工复核降级：Still stacking 与买入主题相关，但没有 Strategy 当期交易、dots 或时间锚,0.9823,0.9823,0.9823,https://x.com/saylor/status/2042221824126144607
76,series,2026-04-07,2026-04-13,will-microstrategy-announce-a-bitcoin-purchase-april-7-13,Will Microstrategy announce a Bitcoin purchase April 7-13?,BUY YES,YES,0.765,2026-04-13T12:02:34Z,confirm_yes,"官方确认买入: Strategy has acquired 13,927 BTC for ~$1.00 billion at ~$71,902 per bitcoin and has achieved BTC Yield of 5.6% YTD 20",chrome-x-search + x-oembed · Saylor/Strategy 明确披露买入或未买入，是最终确认信号,0.999,0.999,0.999,https://x.com/saylor/status/2043661116300050583
77,series,2026-04-14,2026-04-20,will-microstrategy-announce-a-bitcoin-purchase-april-14-20,Will Microstrategy announce a Bitcoin purchase April 14-20?,BUY YES,YES,0.5,2026-04-19T20:57:06Z,hint_yes_weak,弱买入暗示: Incoming... pic.twitter.com/JqwzvJpca1,chrome-x-search + x-oembed · 人工复核降级：Incoming... 有市场注意力价值，但文本本身未说明 incoming 的对象，降为弱买入,0.992,0.992,0.992,https://x.com/saylor/status/2045969963869945893
77,series,2026-04-14,2026-04-20,will-microstrategy-announce-a-bitcoin-purchase-april-14-20,Will Microstrategy announce a Bitcoin purchase April 14-20?,BUY YES,YES,0.5,2026-04-20T12:02:24Z,confirm_yes,"官方确认买入: Strategy has acquired 34,164 BTC for ~$2.54 billion at ~$74,395 per bitcoin and has achieved BTC Yield of 9.5% YTD 20",chrome-x-search + x-oembed · Saylor/Strategy 明确披露买入或未买入，是最终确认信号,0.999,0.999,0.999,https://x.com/saylor/status/2046197791228068167
78,series,2026-04-21,2026-04-27,will-microstrategy-announce-a-bitcoin-purchase-april-21-27,Will Microstrategy announce a Bitcoin purchase April 21-27?,SKIP,YES,0.9295,2026-04-24T12:23:33Z,hint_yes_weak,弱买入暗示: The Future is Orange pic.twitter.com/kU67FdwYj9,chrome-x-search + x-oembed · 人工复核降级：The Future is Orange 属于 orange 叙事/梗，相关但不构成强买入暗示,0.9805,0.9805,0.9805,https://x.com/saylor/status/2047652666080125235
78,series,2026-04-21,2026-04-27,will-microstrategy-announce-a-bitcoin-purchase-april-21-27,Will Microstrategy announce a Bitcoin purchase April 21-27?,SKIP,YES,0.9295,2026-04-27T12:02:19Z,confirm_yes,"官方确认买入: Strategy has acquired 3,273 BTC for ~$255.0 million at ~$77,906 per bitcoin and has achieved BTC Yield of 9.6% YTD 20",chrome-x-search + x-oembed · Saylor/Strategy 明确披露买入或未买入，是最终确认信号,0.999,0.999,0.999,https://x.com/saylor/status/2048734485219602740
79,series,2026-04-28,2026-05-04,will-microstrategy-announce-a-bitcoin-purchase-april-28-may-4,Will Microstrategy announce a Bitcoin purchase April 28-May 4?,SKIP,NO,0.695,2026-05-03T13:17:07Z,hint_no_strong,强不买暗示: No buys this week. Back to work next week. $BTC pic.twitter.com/lqliYZPAf4,chrome-x-search + x-oembed · 明确不买：No buys this week，并说明 next week 再工作,0.068,0.005,0.009,https://x.com/saylor/status/2050927636814168433
80,series,2026-05-05,2026-05-11,will-microstrategy-announce-a-bitcoin-purchase-may-5-11,Will Microstrategy announce a Bitcoin purchase May 5-11?,BUY YES,YES,0.5,2026-05-07T14:26:57Z,hint_yes_weak,弱买入暗示: Buy more bitcoin than you sell.,chrome-x-search + x-oembed · 泛 buy/stack/HODL 语言，只能作为弱方向或市场情绪，不能单独视为 Strategy 当期买入确认,0.8086,0.8086,0.8729,https://x.com/saylor/status/2052394763001761817
80,series,2026-05-05,2026-05-11,will-microstrategy-announce-a-bitcoin-purchase-may-5-11,Will Microstrategy announce a Bitcoin purchase May 5-11?,BUY YES,YES,0.5,2026-05-09T21:28:17Z,hint_yes_weak,"弱买入暗示: My latest thoughts on $BTC , $STRC , and $MSTR with @TheBonnieChang and @davidlin_TV at Consensus 2026. 0:00 - Strate",chrome-x-search + x-oembed · 泛 buy/stack/HODL 语言，只能作为弱方向或市场情绪，不能单独视为 Strategy 当期买入确认,0.87,0.87,0.87,https://x.com/saylor/status/2053225568871780548
80,series,2026-05-05,2026-05-11,will-microstrategy-announce-a-bitcoin-purchase-may-5-11,Will Microstrategy announce a Bitcoin purchase May 5-11?,BUY YES,YES,0.5,2026-05-10T11:25:50Z,hint_yes_strong,强买入暗示: Back to work. $BTC pic.twitter.com/HLbBv5Sbbx,chrome-x-search + x-oembed · 明确反转工作暗示：Back to work，承接前一周 no buys，指向本周恢复买入,0.8995,0.98,0.989,https://x.com/saylor/status/2053436344286769483
80,series,2026-05-05,2026-05-11,will-microstrategy-announce-a-bitcoin-purchase-may-5-11,Will Microstrategy announce a Bitcoin purchase May 5-11?,BUY YES,YES,0.5,2026-05-11T12:02:39Z,confirm_yes,"官方确认买入: Strategy has acquired 535 BTC for ~$43.0 million at ~$80,340 per bitcoin and has achieved BTC Yield of 9.4% YTD 2026.",chrome-x-search + x-oembed · Saylor/Strategy 明确披露买入或未买入，是最终确认信号,0.999,0.999,0.999,https://x.com/saylor/status/2053807998993150151
