time,id,url,kind,label,reason,text
2024-11-10T12:32:20.759000Z,1855589307550986263,https://x.com/saylor/status/1855589307550986263,hint_yes_strong,强买入暗示,语义结构与历史 dots/orange/work/HODL 买入或不买暗示一致，需结合价格曲线看是否已被交易,I think https://t.co/meaZhpFNq9 needs more green dots. pic.twitter.com/faeNCKAvNQ
2024-11-11T13:03:31.890000Z,1855959543508828428,https://x.com/saylor/status/1855959543508828428,confirm_yes,官方确认买入,Saylor/Strategy 明确披露买入或未买入，是最终确认信号,"MicroStrategy has acquired 27,200 BTC for ~$2.03 billion at ~$74,463 per #bitcoin and has achieved BTC Yield of 7.3% QTD and 26.4% YTD. As of 11/10/2024, we hodl 279,420 $BTC acquired for ~$11.9 billion at ~$42,692 per bitcoin. $MSTR https://t.co/uCt8nNUVqd"
2024-11-15T16:23:30.762000Z,1857459421888086349,https://x.com/saylor/status/1857459421888086349,hint_yes_weak,弱买入暗示,泛 buy/stack/HODL 语言，只能作为弱方向或市场情绪，不能单独视为 Strategy 当期买入确认,"Sell the Past, ₿uy the Future https://t.co/46RHg0xyyE"
2024-11-17T13:01:43.505000Z,1858133416102723888,https://x.com/saylor/status/1858133416102723888,hint_yes_strong,强买入暗示,语义结构与历史 dots/orange/work/HODL 买入或不买暗示一致，需结合价格曲线看是否已被交易,I think https://t.co/meaZhpFNq9 needs even more green dots. pic.twitter.com/Rs5hgrnbAm
2024-11-18T13:03:05.058000Z,1858496146026467378,https://x.com/saylor/status/1858496146026467378,confirm_yes,官方确认买入,Saylor/Strategy 明确披露买入或未买入，是最终确认信号,"MicroStrategy has acquired 51,780 BTC for ~$4.6 billion at ~$88,627 per #bitcoin and has achieved BTC Yield of 20.4% QTD and 41.8% YTD. As of 11/17/2024, we hodl 331,200 $BTC acquired for ~$16.5 billion at ~$49,874 per bitcoin. $MSTR https://t.co/SRRtRrB2jO"
2024-11-21T15:17:16.110000Z,1859617078182867169,https://x.com/saylor/status/1859617078182867169,hint_yes_weak,弱买入暗示,泛 buy/stack/HODL 语言，只能作为弱方向或市场情绪，不能单独视为 Strategy 当期买入确认,Sell the Past. ₿uy the Future. https://t.co/nJQtTBP4lj
2024-11-24T13:01:13.810000Z,1860670006612095133,https://x.com/saylor/status/1860670006612095133,hint_yes_strong,强买入暗示,语义结构与历史 dots/orange/work/HODL 买入或不买暗示一致，需结合价格曲线看是否已被交易,We need more green dots on https://t.co/Bx3917zeAK . pic.twitter.com/0VCrBs9oUa
2024-11-25T13:04:52.072000Z,1861033309934862601,https://x.com/saylor/status/1861033309934862601,confirm_yes,官方确认买入,Saylor/Strategy 明确披露买入或未买入，是最终确认信号,"MicroStrategy has acquired 55,500 BTC for ~$5.4 billion at ~$97,862 per #bitcoin and has achieved BTC Yield of 35.2% QTD and 59.3% YTD. As of 11/24/2024, we hodl 386,700 $BTC acquired for ~$21.9 billion at ~$56,761 per bitcoin. $MSTR https://t.co/79ExzXk4UM"
2024-12-01T13:01:10.638000Z,1863206708366995675,https://x.com/saylor/status/1863206708366995675,hint_yes_strong,强买入暗示,SaylorTracker 图表暗示：blue-green imbalance，语义是图上缺新增买入点,A possible blue-green imbalance on https://t.co/Bx3917zeAK ? pic.twitter.com/qXMJDEJQzD
2024-12-02T13:04:16.004000Z,1863569873713955156,https://x.com/saylor/status/1863569873713955156,confirm_yes,官方确认买入,Saylor/Strategy 明确披露买入或未买入，是最终确认信号,"MicroStrategy has acquired 15,400 BTC for ~$1.5 billion at ~$95,976 per #bitcoin and has achieved BTC Yield of 38.7% QTD and 63.3% YTD. As of 12/2/2024, we hodl 402,100 $BTC acquired for ~$23.4 billion at ~$58,263 per bitcoin. $MSTR https://t.co/K3TK4msGp0"
2024-12-08T13:01:38.263000Z,1865743539293802849,https://x.com/saylor/status/1865743539293802849,hint_yes_strong,强买入暗示,语义结构与历史 dots/orange/work/HODL 买入或不买暗示一致，需结合价格曲线看是否已被交易,Still too much blue on https://t.co/Bx3917zeAK . pic.twitter.com/Ag6uhXUyqD
2024-12-09T12:08:00.777000Z,1866092432045306008,https://x.com/saylor/status/1866092432045306008,hint_yes_weak,弱买入暗示,泛 buy/stack/HODL 语言，只能作为弱方向或市场情绪，不能单独视为 Strategy 当期买入确认,$RIOT is a company on the #Bitcoin Standard. https://t.co/qRJ3JIc0BU
2024-12-09T13:04:39.590000Z,1866106687699964016,https://x.com/saylor/status/1866106687699964016,confirm_yes,官方确认买入,Saylor/Strategy 明确披露买入或未买入，是最终确认信号,"MicroStrategy has acquired 21,550 BTC for ~$2.1 billion at ~$98,783 per #bitcoin and has achieved BTC Yield of 43.2% QTD and 68.7% YTD. As of 12/8/2024, we hodl 423,650 $BTC acquired for ~$25.6 billion at ~$60,324 per bitcoin. $MSTR https://t.co/8r7bFqMFof"
2024-12-10T01:01:30.002000Z,1866287086443077661,https://x.com/saylor/status/1866287086443077661,hint_yes_weak,弱买入暗示,泛 buy/stack/HODL 语言，只能作为弱方向或市场情绪，不能单独视为 Strategy 当期买入确认,Sell the Past. ₿uy the Future. pic.twitter.com/4P6pyYzliV
2024-12-10T22:39:20.597000Z,1866613699391394043,https://x.com/saylor/status/1866613699391394043,hint_yes_weak,弱买入暗示,泛 buy/stack/HODL 语言，只能作为弱方向或市场情绪，不能单独视为 Strategy 当期买入确认,"Keep stacking, Fred. 💪"
2024-12-15T12:50:09.680000Z,1868277366226841996,https://x.com/saylor/status/1868277366226841996,hint_yes_strong,强买入暗示,语义结构与历史 dots/orange/work/HODL 买入或不买暗示一致，需结合价格曲线看是否已被交易,Is https://t.co/Bx3917zMqi missing a green dot? pic.twitter.com/B3Zzd6M1uV
2024-12-16T13:03:55.768000Z,1868643218956734876,https://x.com/saylor/status/1868643218956734876,confirm_yes,官方确认买入,Saylor/Strategy 明确披露买入或未买入，是最终确认信号,"MicroStrategy has acquired 15,350 BTC for ~$1.5 billion at ~$100,386 per #bitcoin and has achieved BTC Yield of 46.4% QTD and 72.4% YTD. As of 12/15/2024, we hodl 439,000 $BTC acquired for ~$27.1 billion at ~$61,725 per bitcoin. $MSTR https://t.co/SaWLNBVkrl"
2024-12-22T12:38:52.352000Z,1870811240366219711,https://x.com/saylor/status/1870811240366219711,hint_yes_strong,强买入暗示,语义结构与历史 dots/orange/work/HODL 买入或不买暗示一致，需结合价格曲线看是否已被交易,The orange dots on https://t.co/Bx3917zeAK are motivational. pic.twitter.com/oxtxuJLEpg
2024-12-23T13:03:44.329000Z,1871179886036910278,https://x.com/saylor/status/1871179886036910278,confirm_yes,官方确认买入,Saylor/Strategy 明确披露买入或未买入，是最终确认信号,"MicroStrategy has acquired 5,262 BTC for ~$561 million at ~$106,662 per bitcoin and has achieved BTC Yield of 47.4% QTD and 73.7% YTD. As of 12/22/2024, we hodl 444,262 $BTC acquired for ~$27.7 billion at ~$62,257 per bitcoin. $MSTR https://t.co/asDGerBV7q"
2024-12-23T21:38:20.340000Z,1871309389413724620,https://x.com/saylor/status/1871309389413724620,hint_yes_weak,弱买入暗示,泛 buy/stack/HODL 语言，只能作为弱方向或市场情绪，不能单独视为 Strategy 当期买入确认,"If you are not buying bitcoin at the top, you are leaving money on the table."
2024-12-28T13:36:52.038000Z,1873000162421031279,https://x.com/saylor/status/1873000162421031279,hint_yes_weak,弱买入暗示,泛 buy/stack/HODL 语言，只能作为弱方向或市场情绪，不能单独视为 Strategy 当期买入确认,This is why we need less government and more bitcoin.
2024-12-29T13:01:32.795000Z,1873353661537284211,https://x.com/saylor/status/1873353661537284211,hint_yes_strong,强买入暗示,SaylorTracker 图表暗示：disconcerting blue lines，语义是当前图形不应只有蓝线/缺新增点,Disconcerting blue lines on https://t.co/Bx3917zMqi . pic.twitter.com/xPl4GTKU3E
2024-12-30T13:03:04.471000Z,1873716433919803868,https://x.com/saylor/status/1873716433919803868,confirm_yes,官方确认买入,Saylor/Strategy 明确披露买入或未买入，是最终确认信号,"MicroStrategy has acquired 2,138 BTC for ~$209 million at ~$97,837 per bitcoin and has achieved BTC Yield of 47.8% QTD and 74.1% YTD. As of 12/29/2024, we hodl 446,400 $BTC acquired for ~$27.9 billion at ~$62,428 per bitcoin. $MSTR https://t.co/58aXM7g6u2"
2025-01-01T19:15:43.254000Z,1874534989184041438,https://x.com/saylor/status/1874534989184041438,hint_yes_weak,弱买入暗示,泛 buy/stack/HODL 语言，只能作为弱方向或市场情绪，不能单独视为 Strategy 当期买入确认,Will you end 2025 with more Bitcoin than you started with?
2025-01-05T14:13:21.992000Z,1875908450678722991,https://x.com/saylor/status/1875908450678722991,hint_yes_strong,强买入暗示,SaylorTracker 图表暗示：not quite right，随后价格从急跌区间快速回拉，语义是图上未反映新增买入,Something about https://t.co/Bx3917zMqi is not quite right. pic.twitter.com/vRTAH2xTCX
2025-01-06T13:03:11.414000Z,1876253178100117907,https://x.com/saylor/status/1876253178100117907,confirm_yes,官方确认买入,Saylor/Strategy 明确披露买入或未买入，是最终确认信号,"MicroStrategy has acquired 1,070 BTC for ~$101 million at ~$94,004 per bitcoin and has achieved BTC Yield of 48.0% in Q4 2024 and 74.3% in FY 2024. As of 01/05/2025, we hodl 447,470 $BTC acquired for ~$27.97 billion at ~$62,503 per bitcoin. $MSTR https://t.co/CkLrLSkB5M"
2025-01-10T13:07:08.311000Z,1877703723180347688,https://x.com/saylor/status/1877703723180347688,hint_yes_weak,弱买入暗示,泛 buy/stack/HODL 语言，只能作为弱方向或市场情绪，不能单独视为 Strategy 当期买入确认,₿uy the Future pic.twitter.com/QcYpsPRoMl
2025-01-12T13:02:23.392000Z,1878427303874633866,https://x.com/saylor/status/1878427303874633866,hint_yes_strong,强买入暗示,语义结构与历史 dots/orange/work/HODL 买入或不买暗示一致，需结合价格曲线看是否已被交易,Thinking about the next green dot on https://t.co/Bx3917zeAK . pic.twitter.com/dCIhEzRLuW
2025-01-13T13:02:34.593000Z,1878789738720805176,https://x.com/saylor/status/1878789738720805176,confirm_yes,官方确认买入,Saylor/Strategy 明确披露买入或未买入，是最终确认信号,"MicroStrategy has acquired 2,530 BTC for ~$243 million at ~$95,972 per bitcoin and has achieved BTC Yield of 0.32% YTD 2025. As of 1/12/2025, we hodl 450,000 $BTC acquired for ~$28.2 billion at ~$62,691 per bitcoin. $MSTR https://t.co/qONdrIwz7Q"
2025-01-18T21:02:13.951000Z,1880722387425275993,https://x.com/saylor/status/1880722387425275993,hint_yes_weak,弱买入暗示,泛 buy/stack/HODL 语言，只能作为弱方向或市场情绪，不能单独视为 Strategy 当期买入确认,France could use more Bitcoin. https://t.co/hHBWzUXjVP
2025-01-21T13:02:13.958000Z,1881688755096174607,https://x.com/saylor/status/1881688755096174607,confirm_yes,官方确认买入,Saylor/Strategy 明确披露买入或未买入，是最终确认信号,"MicroStrategy has acquired 11,000 BTC for ~$1.1 billion at ~$101,191 per bitcoin and has achieved BTC Yield of 1.69% YTD 2025. As of 1/20/2025, we hodl 461,000 $BTC acquired for ~$29.3 billion at ~$63,610 per bitcoin. $MSTR https://t.co/SOgvMscghy"
2025-01-24T15:51:10.754000Z,1882818435496968441,https://x.com/saylor/status/1882818435496968441,hint_yes_weak,弱买入暗示,泛 buy/stack/HODL 语言，只能作为弱方向或市场情绪，不能单独视为 Strategy 当期买入确认,"Borrow ₿illions, Buy Bitcoin pic.twitter.com/5MVcrNsnL4"
2025-01-27T12:03:15.847000Z,1883848242376650840,https://x.com/saylor/status/1883848242376650840,confirm_yes,官方确认买入,Saylor/Strategy 明确披露买入或未买入，是最终确认信号,"MicroStrategy has acquired 10,107 BTC for ~$1.1 billion at ~$105,596 per bitcoin and has achieved BTC Yield of 2.90% YTD 2025. As of 1/26/2025, we hodl 471,107 $BTC acquired for ~$30.4 billion at ~$64,511 per bitcoin. $MSTR https://t.co/UM5dGUS9Ma"
2025-02-03T13:04:19.347000Z,1886400323268345864,https://x.com/saylor/status/1886400323268345864,confirm_no,官方确认未买,Saylor/Strategy 明确披露买入或未买入，是最终确认信号,"Last week, MicroStrategy did not sell any shares of class A common stock under its at-the-market equity offering program, and did not purchase any bitcoin. As of 2/2/2025, we hodl 471,107 $BTC acquired for ~$30.4 billion at ~$64,511 per bitcoin. $MSTR https://t.co/QTBWl8KlNv"
2025-02-09T14:38:57.826000Z,1888598467729150282,https://x.com/saylor/status/1888598467729150282,hint_yes_strong,强买入暗示,图表暗示：Death to the blue lines / Long live the green dots，强烈指向新增买入点,Death to the blue lines. Long live the green dots. pic.twitter.com/SOtFHRoykd
2025-02-10T12:48:39.524000Z,1888933096424177829,https://x.com/saylor/status/1888933096424177829,confirm_yes,官方确认买入,Saylor/Strategy 明确披露买入或未买入，是最终确认信号,"$MSTR has acquired 7,633 BTC for ~$742.4 million at ~$97,255 per bitcoin and has achieved BTC Yield of 4.1% YTD 2025. As of 2/09/2025, @Strategy holds 478,740 $BTC acquired for ~$31.1 billion at ~$65,033 per bitcoin. https://t.co/rIftxRX2Zr"
2025-02-15T19:23:46.170000Z,1890844468632309884,https://x.com/saylor/status/1890844468632309884,hint_yes_weak,弱买入暗示,泛 buy/stack/HODL 语言，只能作为弱方向或市场情绪，不能单独视为 Strategy 当期买入确认,"When you buy Bitcoin, you strengthen the network. When you sell Bitcoin, you weaken it."
2025-02-17T14:17:30.069000Z,1891492169409593715,https://x.com/saylor/status/1891492169409593715,hint_yes_weak,弱买入暗示,泛 buy/stack/HODL 语言，只能作为弱方向或市场情绪，不能单独视为 Strategy 当期买入确认,"21 Rules of ₿itcoin 1. Those who understand buy Bitcoin. 2. Those who don’t, criticize Bitcoin. 3. Everyone is against Bitcoin before they are for it. 4. You will never be done learning about Bitcoin. 5. Bitcoin is powered by chaos. 6. Bitcoin is the only game in the casino…"
2025-02-18T13:11:38.338000Z,1891837982513995850,https://x.com/saylor/status/1891837982513995850,confirm_no,官方确认未买,Saylor/Strategy 明确披露买入或未买入，是最终确认信号,"Last week, @Strategy did not sell any shares of class A common stock under its at-the-market equity offering program, and did not purchase any bitcoin. As of 2/17/2025, we hodl 478,740 $BTC acquired for ~$31.1 billion at ~$65,033 per bitcoin. $MSTR https://t.co/gDVOokFY8p"
2025-02-23T13:53:47.313000Z,1893660529131974865,https://x.com/saylor/status/1893660529131974865,hint_yes_strong,强买入暗示,语义暗示：what I got done last week 尚未反映，结合次日大额买入确认，指向上周已完成买入,I don't think this reflects what I got done last week. pic.twitter.com/57Qe7QfwKm
2025-02-24T13:04:44.631000Z,1894010574494687441,https://x.com/saylor/status/1894010574494687441,confirm_yes,官方确认买入,Saylor/Strategy 明确披露买入或未买入，是最终确认信号,"Strategy has acquired 20,356 BTC for ~$1.99B at ~$97,514 per bitcoin and has achieved BTC Yield of 6.9% YTD 2025. As of 2/23/2025, we hodl 499,096 $BTC acquired for ~$33.1 billion at ~$66,357 per bitcoin. $MSTR https://t.co/mNWDaXRE7N"
2025-02-25T14:00:16.774000Z,1894386938381271163,https://x.com/saylor/status/1894386938381271163,hint_yes_weak,弱买入暗示,泛 buy/stack/HODL 语言，只能作为弱方向或市场情绪，不能单独视为 Strategy 当期买入确认,Considering a second job to acquire more Bitcoin. pic.twitter.com/IkXLlqnr95
2025-03-02T15:39:46.833000Z,1896223917951668722,https://x.com/saylor/status/1896223917951668722,hint_yes_weak,弱买入暗示,泛 buy/stack/HODL 语言，只能作为弱方向或市场情绪，不能单独视为 Strategy 当期买入确认,"Buy Bitcoin, not Bombs."
2025-03-03T13:04:57.825000Z,1896547344893788477,https://x.com/saylor/status/1896547344893788477,confirm_no,官方确认未买,Saylor/Strategy 明确披露买入或未买入，是最终确认信号,"Last week, @Strategy did not sell any shares of class A common stock under its at-the-market equity offering program, and did not purchase any bitcoin. As of 3/2/2025, we hodl 499,096 $BTC acquired for ~$33.1 billion at ~$66,357 per bitcoin. $MSTR https://t.co/fXKTmXHve1"
2025-03-03T14:00:33.419000Z,1896561335389090139,https://x.com/saylor/status/1896561335389090139,hint_no_weak,弱不买暗示,泛 buy/stack/HODL 语言，只能作为弱方向或市场情绪，不能单独视为 Strategy 当期买入确认,HODL
2025-03-07T02:23:32.480000Z,1897835477119492559,https://x.com/saylor/status/1897835477119492559,hint_yes_weak,弱买入暗示,泛 buy/stack/HODL 语言，只能作为弱方向或市场情绪，不能单独视为 Strategy 当期买入确认,I have a few budget-neutral strategies for acquiring additional bitcoin...
2025-03-11T11:41:15.190000Z,1899425381360288059,https://x.com/saylor/status/1899425381360288059,hint_yes_weak,弱买入暗示,泛 buy/stack/HODL 语言，只能作为弱方向或市场情绪，不能单独视为 Strategy 当期买入确认,We purchased 78% of the United States for $40 million. America should buy Bitcoin. pic.twitter.com/peBUix9AC3
2025-03-17T12:07:32.542000Z,1901606324447646170,https://x.com/saylor/status/1901606324447646170,confirm_yes,官方确认买入,Saylor/Strategy 明确披露买入或未买入，是最终确认信号,"Strategy has acquired 130 BTC for ~$10.7M at ~$82,981 per bitcoin and has achieved BTC Yield of 6.9% YTD 2025. As of 3/16/2025, we hodl 499,226 $BTC acquired for ~$33.1 billion at ~$66,360 per bitcoin. $MSTR $STRK https://t.co/8xRmR8vlIt"
2025-03-23T12:58:22.773000Z,1903793445237305409,https://x.com/saylor/status/1903793445237305409,hint_yes_strong,强买入暗示,语义结构与历史 dots/orange/work/HODL 买入或不买暗示一致，需结合价格曲线看是否已被交易,Needs more Orange. pic.twitter.com/BRyWs1ey80
2025-03-24T12:04:55.219000Z,1904142379646415203,https://x.com/saylor/status/1904142379646415203,confirm_yes,官方确认买入,Saylor/Strategy 明确披露买入或未买入，是最终确认信号,"$MSTR has acquired 6,911 BTC for ~$584.1 million at ~$84,529 per bitcoin and has achieved BTC Yield of 7.7% YTD 2025. As of 3/23/2025, @Strategy holds 506,137 BTC acquired for ~$33.7 billion at ~$66,608 per bitcoin. $STRK https://t.co/3vSGnTUVcE"
2025-03-24T18:29:57.341000Z,1904239276969357341,https://x.com/saylor/status/1904239276969357341,hint_yes_weak,弱买入暗示,泛 buy/stack/HODL 语言，只能作为弱方向或市场情绪，不能单独视为 Strategy 当期买入确认,₿uy Bitcoin
2025-03-25T12:34:20.066000Z,1904512169816822195,https://x.com/saylor/status/1904512169816822195,hint_yes_weak,弱买入暗示,泛 buy/stack/HODL 语言，只能作为弱方向或市场情绪，不能单独视为 Strategy 当期买入确认,Fade to Orange pic.twitter.com/M0RiwCUV1Y
2025-03-29T17:54:24.398000Z,1906042270085787851,https://x.com/saylor/status/1906042270085787851,hint_yes_weak,弱买入暗示,泛 buy/stack/HODL 语言，只能作为弱方向或市场情绪，不能单独视为 Strategy 当期买入确认,"More Bitcoin, Less Risk pic.twitter.com/xkgB5ANk5w"
2025-03-30T12:06:23.108000Z,1906317075473158364,https://x.com/saylor/status/1906317075473158364,hint_yes_strong,强买入暗示,语义结构与历史 dots/orange/work/HODL 买入或不买暗示一致，需结合价格曲线看是否已被交易,Needs even more Orange. pic.twitter.com/lV5qgUP6oY
2025-03-31T12:03:16.039000Z,1906678678714556632,https://x.com/saylor/status/1906678678714556632,confirm_yes,官方确认买入,Saylor/Strategy 明确披露买入或未买入，是最终确认信号,"$MSTR has acquired 22,048 BTC for ~$1.92 billion at ~$86,969 per bitcoin and has achieved BTC Yield of 11.0% YTD 2025. As of 3/30/2025, @Strategy holds 528,185 $BTC acquired for ~$35.63 billion at ~$67,458 per bitcoin. $STRK $STRF https://t.co/1sfyBIglnt"
2025-04-01T12:03:10.002000Z,1907041041259135148,https://x.com/saylor/status/1907041041259135148,hint_yes_weak,弱买入暗示,泛 buy/stack/HODL 语言，只能作为弱方向或市场情绪，不能单独视为 Strategy 当期买入确认,Don’t be a fool. Buy Bitcoin. pic.twitter.com/8UDmpAZD7t
2025-04-09T12:00:04.132000Z,1909939364588585270,https://x.com/saylor/status/1909939364588585270,hint_no_weak,弱不买暗示,泛 buy/stack/HODL 语言，只能作为弱方向或市场情绪，不能单独视为 Strategy 当期买入确认,HODL
2025-04-10T12:34:23.788000Z,1910310391277564056,https://x.com/saylor/status/1910310391277564056,hint_yes_weak,弱买入暗示,泛 buy/stack/HODL 语言，只能作为弱方向或市场情绪，不能单独视为 Strategy 当期买入确认,₿uy the Future pic.twitter.com/tIcwWe0leX
2025-04-13T13:17:25.607000Z,1911408383808217104,https://x.com/saylor/status/1911408383808217104,hint_yes_strong,强买入暗示,语义结构与历史 dots/orange/work/HODL 买入或不买暗示一致，需结合价格曲线看是否已被交易,No Tariffs on Orange Dots pic.twitter.com/Cg3bCVPMcM
2025-04-14T12:03:16.046000Z,1911752108862251160,https://x.com/saylor/status/1911752108862251160,confirm_yes,官方确认买入,Saylor/Strategy 明确披露买入或未买入，是最终确认信号,"$MSTR has acquired 3,459 BTC for ~$285.8 million at ~$82,618 per bitcoin and has achieved BTC Yield of 11.4% YTD 2025. As of 4/13/2025, @Strategy holds 531,644 $BTC acquired for ~$35.92 billion at ~$67,556 per bitcoin. https://t.co/IUbf4TFD3d"
2025-04-20T12:32:58.302000Z,1913933911379378484,https://x.com/saylor/status/1913933911379378484,hint_yes_strong,强买入暗示,图表暗示：Insufficient Orange，语义是 orange/buying 图上不足,Insufficient Orange. pic.twitter.com/Gz36jJELBs
2025-04-21T12:03:41.140000Z,1914288929173389814,https://x.com/saylor/status/1914288929173389814,confirm_yes,官方确认买入,Saylor/Strategy 明确披露买入或未买入，是最终确认信号,"$MSTR has acquired 6,556 BTC for ~$555.8 million at ~$84,785 per bitcoin and has achieved BTC Yield of 12.1% YTD 2025. As of 4/20/2025, @Strategy holds 538,200 $BTC acquired for ~$36.47 billion at ~$67,766 per bitcoin. https://t.co/YxUq6mHzca"
2025-04-27T12:54:50.137000Z,1916476128673284289,https://x.com/saylor/status/1916476128673284289,hint_yes_weak,弱买入暗示,泛 buy/stack/HODL 语言，只能作为弱方向或市场情绪，不能单独视为 Strategy 当期买入确认,Stay Humble. Stack Sats. pic.twitter.com/gkjvxkn5Ek
2025-04-28T12:02:36.987000Z,1916825375155380688,https://x.com/saylor/status/1916825375155380688,confirm_yes,官方确认买入,Saylor/Strategy 明确披露买入或未买入，是最终确认信号,"$MSTR has acquired 15,355 BTC for ~$1.42 billion at ~$92,737 per bitcoin and has achieved BTC Yield of 13.7% YTD 2025. As of 4/27/2025, we hodl 553,555 $BTC acquired for ~$37.90 billion at ~$68,459 per bitcoin. https://t.co/5OOs3UdWLg"
2025-05-01T00:07:50.922000Z,1917732661558194524,https://x.com/saylor/status/1917732661558194524,hint_yes_weak,弱买入暗示,泛 buy/stack/HODL 语言，只能作为弱方向或市场情绪，不能单独视为 Strategy 当期买入确认,"By the time your financial adviser says it’s OK to buy Bitcoin, it’ll cost $1 million. When they say it’s a good idea, it’ll be $10 million. pic.twitter.com/5CRrf2gSFL"
2025-05-01T15:06:37.465000Z,1917958845873471611,https://x.com/saylor/status/1917958845873471611,hint_yes_weak,弱买入暗示,泛 buy/stack/HODL 语言，只能作为弱方向或市场情绪，不能单独视为 Strategy 当期买入确认,$MSTR is now up more than 3000% since adopting the Bitcoin Standard. pic.twitter.com/ZqBKMHG999
2025-05-02T17:15:18.350000Z,1918353617477911034,https://x.com/saylor/status/1918353617477911034,hint_yes_weak,弱买入暗示,人工复核降级：Always ₿e Stacking 与买入主题相关，但没有 Strategy 当期交易、dots 或时间锚,Always ₿e Stacking
2025-05-04T13:53:59.810000Z,1919027732140204508,https://x.com/saylor/status/1919027732140204508,hint_yes_strong,强买入暗示,"图表暗示：Too much blue, not enough orange，语义是缺新增买入/orange","Too much blue, not enough orange. pic.twitter.com/s1L6tWfC14"
2025-05-05T12:03:05.738000Z,1919362210804990383,https://x.com/saylor/status/1919362210804990383,confirm_yes,官方确认买入,Saylor/Strategy 明确披露买入或未买入，是最终确认信号,"$MSTR has acquired 1,895 BTC for ~$180.3 million at ~$95,167 per bitcoin and has achieved BTC Yield of 14.0% YTD 2025. As of 5/4/2025, we hodl 555,450 $BTC acquired for ~$38.08 billion at ~$68,550 per bitcoin. $STRK $STRF https://t.co/rusgfuyCTG"
2025-05-08T20:23:01.878000Z,1920575187331743841,https://x.com/saylor/status/1920575187331743841,hint_yes_weak,弱买入暗示,泛 buy/stack/HODL 语言，只能作为弱方向或市场情绪，不能单独视为 Strategy 当期买入确认,Why Every Company Should Adopt the Bitcoin Standard pic.twitter.com/t8ouMULWbb
2025-05-11T12:00:55.324000Z,1921535991002579297,https://x.com/saylor/status/1921535991002579297,hint_yes_strong,强买入暗示,图表暗示：Connect the Dots，语义指向新增点位,Connect the Dots pic.twitter.com/T4Aj7yYKkr
2025-05-12T12:02:14.940000Z,1921898712801874273,https://x.com/saylor/status/1921898712801874273,confirm_yes,官方确认买入,Saylor/Strategy 明确披露买入或未买入，是最终确认信号,"Strategy has acquired 13,390 BTC for ~$1.34 billion at ~$99,856 per bitcoin and has achieved BTC Yield of 15.5% YTD 2025. As of 5/11/2025, we hodl 568,840 $BTC acquired for ~$39.41 billion at ~$69,287 per bitcoin. $MSTR $STRK $STRF https://t.co/oSXRMwiTkU"
2025-05-19T12:05:15.376000Z,1924436184664559807,https://x.com/saylor/status/1924436184664559807,confirm_yes,官方确认买入,Saylor/Strategy 明确披露买入或未买入，是最终确认信号,"Strategy has acquired 7,390 BTC for ~$764.9 million at ~$103,498 per bitcoin and has achieved BTC Yield of 16.3% YTD 2025. As of 5/18/2025, we hodl 576,230 $BTC acquired for ~$40.18 billion at ~$69,726 per bitcoin. $MSTR $STRK $STRF https://t.co/QwYKgLkfPX"
2025-05-19T19:16:09.736000Z,1924544625710166034,https://x.com/saylor/status/1924544625710166034,hint_yes_weak,弱买入暗示,泛 buy/stack/HODL 语言，只能作为弱方向或市场情绪，不能单独视为 Strategy 当期买入确认,"“I defend your right to buy Bitcoin.” – Jamie Dimon, JPMorgan CEO https://t.co/zc8CjKdAb9"
2025-05-21T15:40:30.990000Z,1925215132407181770,https://x.com/saylor/status/1925215132407181770,hint_yes_weak,弱买入暗示,泛 buy/stack/HODL 语言，只能作为弱方向或市场情绪，不能单独视为 Strategy 当期买入确认,"If you’re not buying bitcoin at the all-time high, you’re leaving money on the table."
2025-05-21T23:57:53.536000Z,1925340301117280317,https://x.com/saylor/status/1925340301117280317,hint_yes_weak,弱买入暗示,泛 buy/stack/HODL 语言，只能作为弱方向或市场情绪，不能单独视为 Strategy 当期买入确认,No one has ever lost money buying Bitcoin.
2025-05-23T18:21:31.682000Z,1925980428017492242,https://x.com/saylor/status/1925980428017492242,hint_yes_weak,弱买入暗示,泛 buy/stack/HODL 语言，只能作为弱方向或市场情绪，不能单独视为 Strategy 当期买入确认,Buy Bitcoin.
2025-05-24T14:31:58.081000Z,1926285045213401431,https://x.com/saylor/status/1926285045213401431,hint_yes_weak,弱买入暗示,泛 buy/stack/HODL 语言，只能作为弱方向或市场情绪，不能单独视为 Strategy 当期买入确认,The only thing better than Bitcoin is More Bitcoin. pic.twitter.com/VHzTif0zXH
2025-05-25T12:30:14.100000Z,1926616797962174914,https://x.com/saylor/status/1926616797962174914,hint_yes_weak,弱买入暗示,泛 buy/stack/HODL 语言，只能作为弱方向或市场情绪，不能单独视为 Strategy 当期买入确认,I only buy bitcoin with money I can't afford to lose. pic.twitter.com/h7pnFB8yvU
2025-05-26T12:02:21.718000Z,1926972171349373129,https://x.com/saylor/status/1926972171349373129,confirm_yes,官方确认买入,Saylor/Strategy 明确披露买入或未买入，是最终确认信号,"Strategy has acquired 4,020 BTC for ~$427.1 million at ~$106,237 per bitcoin and has achieved BTC Yield of 16.8% YTD 2025. As of 5/25/2025, we hodl 580,250 $BTC acquired for ~$40.61 billion at ~$69,979 per bitcoin. $MSTR $STRK $STRF https://t.co/eAd03GIKam"
2025-05-30T14:31:10.283000Z,1928459171927601636,https://x.com/saylor/status/1928459171927601636,hint_yes_weak,弱买入暗示,泛 buy/stack/HODL 语言，只能作为弱方向或市场情绪，不能单独视为 Strategy 当期买入确认,Bank of England on the Brink… of Buying Bitcoin pic.twitter.com/8mdXj0SZ5l
2025-06-02T12:02:35.895000Z,1929508945871163520,https://x.com/saylor/status/1929508945871163520,confirm_yes,官方确认买入,Saylor/Strategy 明确披露买入或未买入，是最终确认信号,"Strategy has acquired 705 BTC for ~$75.1 million at ~$106,495 per bitcoin and has achieved BTC Yield of 16.9% YTD 2025. As of 6/1/2025, we hodl 580,955 $BTC acquired for ~$40.68 billion at ~$70,023 per bitcoin. $MSTR $STRK $STRF https://t.co/K4tex3qHrN"
2025-06-07T13:51:03.500000Z,1931348180072808534,https://x.com/saylor/status/1931348180072808534,hint_yes_strong,强买入暗示,Orange 系列强暗示：Proof of Orange，通常被市场解读为新增买入相关,Proof of Orange pic.twitter.com/gLADKcaMVf
2025-06-08T12:01:50.157000Z,1931683081225748528,https://x.com/saylor/status/1931683081225748528,hint_yes_strong,强买入暗示,Orange 系列强暗示：Send more Orange，语义是需要更多买入点,Send more Orange pic.twitter.com/QaLJWkLrVN
2025-06-09T12:03:23.560000Z,1932045860851859842,https://x.com/saylor/status/1932045860851859842,confirm_yes,官方确认买入,Saylor/Strategy 明确披露买入或未买入，是最终确认信号,"Strategy has acquired 1,045 BTC for ~$110.2 million at ~$105,426 per bitcoin and has achieved BTC Yield of 17.1% YTD 2025. As of 6/8/2025, we hodl 582,000 $BTC acquired for ~$40.79 billion at ~$70,086 per bitcoin. $MSTR $STRK $STRF $STRD https://t.co/9cpK5vtVwW"
2025-06-10T10:05:19.419000Z,1932378535676781013,https://x.com/saylor/status/1932378535676781013,hint_yes_weak,弱买入暗示,泛 buy/stack/HODL 语言，只能作为弱方向或市场情绪，不能单独视为 Strategy 当期买入确认,Apple should buy Bitcoin.
2025-06-15T07:11:44.531000Z,1934146791798358464,https://x.com/saylor/status/1934146791798358464,hint_yes_weak,弱买入暗示,泛 buy/stack/HODL 语言，只能作为弱方向或市场情绪，不能单独视为 Strategy 当期买入确认,₿uy Cyber Manhattan pic.twitter.com/5jG2rRXFC8
2025-06-15T12:03:53.448000Z,1934220313405100289,https://x.com/saylor/status/1934220313405100289,hint_yes_strong,强买入暗示,Dots 系列强暗示：Bigger Dots are Better，语义指向新增/更大买入点,Bigger Dots are ₿etter pic.twitter.com/vm1UItzmRb
2025-06-16T12:03:35.609000Z,1934582626448236794,https://x.com/saylor/status/1934582626448236794,confirm_yes,官方确认买入,Saylor/Strategy 明确披露买入或未买入，是最终确认信号,"Strategy has acquired 10,100 BTC for ~$1.05 billion at ~$104,080 per bitcoin and has achieved BTC Yield of 19.1% YTD 2025. As of 6/15/2025, we hodl 592,100 $BTC acquired for ~$41.84 billion at ~$70,666 per bitcoin. $MSTR $STRK $STRF $STRD https://t.co/n7q77DmqCY"
2025-06-23T12:02:01.088000Z,1937118945057915061,https://x.com/saylor/status/1937118945057915061,confirm_yes,官方确认买入,Saylor/Strategy 明确披露买入或未买入，是最终确认信号,"Strategy has acquired 245 BTC for ~$26.0 million at ~$105,856 per bitcoin and has achieved BTC Yield of 19.2% YTD 2025. As of 6/22/2025, we hodl 592,345 $BTC acquired for ~$41.87 billion at ~$70,681 per bitcoin. $MSTR $STRK $STRF $STRD https://t.co/bnE0OC9kEv"
2025-06-29T12:01:30.514000Z,1939293144014606543,https://x.com/saylor/status/1939293144014606543,hint_yes_strong,强买入暗示,人工复核升级：这条文本本身是泛 BTC 加仓语义，但配图被多家报道确认为 Strategy/SaylorTracker portfolio tracker，橙点代表买入点；Sunday tracker 配图 + bought more 语义在历史上等同于次日买入披露前的强提示，且该推文后约 10 秒市场从约 0.968 跳到 0.994,"In 21 years, you'll wish you'd bought more. pic.twitter.com/s1I607RVda"
2025-06-30T12:03:06.892000Z,1939655936118808917,https://x.com/saylor/status/1939655936118808917,confirm_yes,官方确认买入,Saylor/Strategy 明确披露买入或未买入，是最终确认信号,"Strategy has acquired 4,980 BTC for ~$531.9 million at ~$106,801 per bitcoin and has achieved BTC Yield of 19.7% YTD 2025. As of 6/29/2025, we hodl 597,325 $BTC acquired for ~$42.40 billion at ~$70,982 per bitcoin. $MSTR $STRK $STRF $STRD https://t.co/xvWnSkfukS"
2025-07-06T12:14:55.599000Z,1941833235845034478,https://x.com/saylor/status/1941833235845034478,hint_no_strong,强不买暗示,语义结构与历史 dots/orange/work/HODL 买入或不买暗示一致，需结合价格曲线看是否已被交易,Some weeks you just need to HODL. pic.twitter.com/rVcFQkFoG0
2025-07-09T18:37:33.023000Z,1943016689857368371,https://x.com/saylor/status/1943016689857368371,hint_yes_weak,弱买入暗示,泛 buy/stack/HODL 语言，只能作为弱方向或市场情绪，不能单独视为 Strategy 当期买入确认,₿uy the Future 🧡
2025-07-11T15:04:58.016000Z,1943687967211499779,https://x.com/saylor/status/1943687967211499779,hint_yes_weak,弱买入暗示,泛 buy/stack/HODL 语言，只能作为弱方向或市场情绪，不能单独视为 Strategy 当期买入确认,No Greg. It didn't happen. You can still buy Bitcoin for less than a million dollars.
2025-07-12T12:03:24.680000Z,1944004665114345566,https://x.com/saylor/status/1944004665114345566,hint_yes_weak,弱买入暗示,人工复核降级：The Future is Orange 属于 orange 叙事/梗，相关但不构成强买入暗示,The Future is Orange pic.twitter.com/bJXvMFQfTo
2025-07-13T12:19:32.374000Z,1944371111782690837,https://x.com/saylor/status/1944371111782690837,hint_yes_strong,强买入暗示,语义结构与历史 dots/orange/work/HODL 买入或不买暗示一致，需结合价格曲线看是否已被交易,Some weeks you don’t just HODL. pic.twitter.com/PXC7cE3zbq
2025-07-13T14:15:58.197000Z,1944400412448002084,https://x.com/saylor/status/1944400412448002084,hint_yes_weak,弱买入暗示,泛 buy/stack/HODL 语言，只能作为弱方向或市场情绪，不能单独视为 Strategy 当期买入确认,it's a good morning to get more bitcoin greg
2025-07-14T00:43:59.095000Z,1944558457589211552,https://x.com/saylor/status/1944558457589211552,hint_yes_weak,弱买入暗示,泛 buy/stack/HODL 语言，只能作为弱方向或市场情绪，不能单独视为 Strategy 当期买入确认,A ₿uying Opportunity
2025-07-14T12:04:18.932000Z,1944729668394930471,https://x.com/saylor/status/1944729668394930471,confirm_yes,官方确认买入,Saylor/Strategy 明确披露买入或未买入，是最终确认信号,"Strategy has acquired 4,225 BTC for ~$472.5 million at ~$111,827 per bitcoin and has achieved BTC Yield of 20.2% YTD 2025. As of 7/13/2025, we hodl 601,550 $BTC acquired for ~$42.87 billion at ~$71,268 per bitcoin. $MSTR $STRK $STRF $STRD https://t.co/cdUkviddqp"
2025-07-14T14:43:24.524000Z,1944769705509568986,https://x.com/saylor/status/1944769705509568986,hint_yes_weak,弱买入暗示,泛 buy/stack/HODL 语言，只能作为弱方向或市场情绪，不能单独视为 Strategy 当期买入确认,"We should all have more Bitcoin, Dave."
2025-07-17T12:07:25.495000Z,1945817614493667492,https://x.com/saylor/status/1945817614493667492,hint_yes_weak,弱买入暗示,泛 buy/stack/HODL 语言，只能作为弱方向或市场情绪，不能单独视为 Strategy 当期买入确认,"For the past five years, the only thing better than Bitcoin is More Bitcoin. pic.twitter.com/i0RhRbQKsK"
2025-07-19T12:37:30.747000Z,1946549962000523547,https://x.com/saylor/status/1946549962000523547,hint_yes_strong,强买入暗示,非模板工作暗示：Working this Weekend，结合随后买入确认，语义是周末仍在推进 Strategy 交易,Working this Weekend. pic.twitter.com/3qofXMTIh7
2025-07-20T12:17:15.602000Z,1946907253178569191,https://x.com/saylor/status/1946907253178569191,hint_yes_weak,弱买入暗示,泛 buy/stack/HODL 语言，只能作为弱方向或市场情绪，不能单独视为 Strategy 当期买入确认,Stay Humble. Stack Sats. pic.twitter.com/aQyxsTXdhO
2025-07-21T12:03:08.163000Z,1947266086627360854,https://x.com/saylor/status/1947266086627360854,confirm_yes,官方确认买入,Saylor/Strategy 明确披露买入或未买入，是最终确认信号,"Strategy has acquired 6,220 BTC for ~$739.8 million at ~$118,940 per bitcoin and has achieved BTC Yield of 20.8% YTD 2025. As of 7/20/2025, we hodl 607,770 $BTC acquired for ~$43.61 billion at ~$71,756 per bitcoin. $MSTR $STRK $STRF $STRD https://t.co/8z5HygrDWs"
2025-07-28T11:35:06.479000Z,1949795748192596034,https://x.com/saylor/status/1949795748192596034,hint_yes_weak,弱买入暗示,人工复核降级：Amplify the Orange 属于 orange 叙事/梗，相关但不构成强买入暗示,Amplify the Orange pic.twitter.com/QDjPrHkzYF
2025-07-29T20:05:01.536000Z,1950286461028217048,https://x.com/saylor/status/1950286461028217048,confirm_yes,官方确认买入,Saylor/Strategy 明确披露买入或未买入，是最终确认信号,"Strategy has acquired 21,021 BTC for ~$2.46 billion at ~$117,256 per bitcoin and has achieved BTC Yield of 25.0% YTD 2025. As of 7/29/2025, we hodl 628,791 $BTC acquired for ~$46.08 billion at ~$73,277 per bitcoin. $MSTR $STRK $STRF $STRD $STRC https://t.co/PEQQGfvkYe"
2025-08-06T14:26:11.997000Z,1953100295686238661,https://x.com/saylor/status/1953100295686238661,hint_yes_weak,弱买入暗示,泛 buy/stack/HODL 语言，只能作为弱方向或市场情绪，不能单独视为 Strategy 当期买入确认,Buy Bitcoin
2025-08-07T12:08:26.122000Z,1953428013959258217,https://x.com/saylor/status/1953428013959258217,hint_yes_weak,弱买入暗示,泛 buy/stack/HODL 语言，只能作为弱方向或市场情绪，不能单独视为 Strategy 当期买入确认,If I had bought Bitcoin sooner... pic.twitter.com/Q7OgVgxgf9
2025-08-10T11:07:57.021000Z,1954499956003291388,https://x.com/saylor/status/1954499956003291388,hint_yes_weak,弱买入暗示,泛 buy/stack/HODL 语言，只能作为弱方向或市场情绪，不能单独视为 Strategy 当期买入确认,"If you don't stop buying Bitcoin, you won't stop making Money. pic.twitter.com/G9S2gPO1t8"
2025-08-11T12:02:39.335000Z,1954876110891872558,https://x.com/saylor/status/1954876110891872558,confirm_yes,官方确认买入,Saylor/Strategy 明确披露买入或未买入，是最终确认信号,"Strategy has acquired 155 BTC for ~$18.0 million at ~$116,401 per bitcoin and has achieved BTC Yield of 25.0% YTD 2025. As of 8/10/2025, we hodl 628,946 $BTC acquired for ~$46.09 billion at ~$73,288 per bitcoin. $MSTR $STRC $STRK $STRF $STRD https://t.co/bx0814RI1w"
2025-08-17T12:02:41.257000Z,1957050446146629790,https://x.com/saylor/status/1957050446146629790,hint_yes_strong,强买入暗示,语义结构与历史 dots/orange/work/HODL 买入或不买暗示一致，需结合价格曲线看是否已被交易,Insufficient Orange pic.twitter.com/QcRT0RTzEg
2025-08-18T12:02:23.643000Z,1957412760133779876,https://x.com/saylor/status/1957412760133779876,confirm_yes,官方确认买入,Saylor/Strategy 明确披露买入或未买入，是最终确认信号,"Strategy has acquired 430 BTC for ~$51.4 million at ~$119,666 per bitcoin and has achieved BTC Yield of 25.1% YTD 2025. As of 8/17/2025, we hodl 629,376 $BTC acquired for ~$46.15 billion at ~$73,320 per bitcoin. $MSTR $STRC $STRK $STRF $STRD https://t.co/FLRjCKDMQO"
2025-08-22T20:46:32.233000Z,1958994216543015417,https://x.com/saylor/status/1958994216543015417,hint_yes_weak,弱买入暗示,泛 buy/stack/HODL 语言，只能作为弱方向或市场情绪，不能单独视为 Strategy 当期买入确认,"Five years ago, $MSTR adopted the Bitcoin Standard. Since then, we’ve outperformed every asset class and every Magnificent 7 stock. You can now track our annualized results daily at https://t.co/uGbtzwJ4Pu . pic.twitter.com/aGvm1mGHew"
2025-08-25T12:03:09.250000Z,1959949666482561098,https://x.com/saylor/status/1959949666482561098,confirm_yes,官方确认买入,Saylor/Strategy 明确披露买入或未买入，是最终确认信号,"Strategy has acquired 3,081 BTC for ~$356.9 million at ~$115,829 per bitcoin and has achieved BTC Yield of 25.4% YTD 2025. As of 8/24/2025, we hodl 632,457 $BTC acquired for ~$46.50 billion at ~$73,527 per bitcoin. $MSTR $STRC $STRK $STRF $STRD https://t.co/KCrM0ffClo"
2025-08-29T07:56:37.012000Z,1961337174801940785,https://x.com/saylor/status/1961337174801940785,hint_yes_weak,弱买入暗示,人工复核降级：The Future is Orange 属于 orange 叙事/梗，相关但不构成强买入暗示,The Future is Orange pic.twitter.com/2uXdzSHwRD
2025-09-02T12:05:33.831000Z,1962849375824040406,https://x.com/saylor/status/1962849375824040406,confirm_yes,官方确认买入,Saylor/Strategy 明确披露买入或未买入，是最终确认信号,"Strategy has acquired 4,048 BTC for ~$449.3 million at ~$110,981 per bitcoin and has achieved BTC Yield of 25.7% YTD 2025. As of 9/1/2025, we hodl 636,505 $BTC acquired for ~$46.95 billion at ~$73,765 per bitcoin. $MSTR $STRC $STRK $STRF $STRD https://t.co/dxXWygUijS"
2025-09-07T12:13:09.422000Z,1964663226039492970,https://x.com/saylor/status/1964663226039492970,hint_yes_strong,强买入暗示,语义结构与历史 dots/orange/work/HODL 买入或不买暗示一致，需结合价格曲线看是否已被交易,Needs More Orange pic.twitter.com/yvgqvmKtOb
2025-09-08T11:02:38.099000Z,1965007866450096228,https://x.com/saylor/status/1965007866450096228,confirm_yes,官方确认买入,Saylor/Strategy 明确披露买入或未买入，是最终确认信号,"Strategy has acquired 1,955 BTC for ~$217.4 million at ~$111,196 per bitcoin and has achieved BTC Yield of 25.8% YTD 2025. As of 9/7/2025, we hodl 638,460 $BTC acquired for ~$47.17 billion at ~$73,880 per bitcoin. $MSTR $STRC $STRK $STRF $STRD https://t.co/QNIuAWRwEW"
2025-09-12T12:53:22.057000Z,1966485284691882219,https://x.com/saylor/status/1966485284691882219,hint_yes_weak,弱买入暗示,人工复核降级：The Future is Orange 属于 orange 叙事/梗，相关但不构成强买入暗示,The Future is Orange pic.twitter.com/9gNzNItknK
2025-09-15T12:02:07.602000Z,1967559553090003246,https://x.com/saylor/status/1967559553090003246,confirm_yes,官方确认买入,Saylor/Strategy 明确披露买入或未买入，是最终确认信号,"Strategy has acquired 525 BTC for ~$60.2 million at ~$114,562 per bitcoin and has achieved BTC Yield of 25.9% YTD 2025. As of 9/14/2025, we hodl 638,985 $BTC acquired for ~$47.23 billion at ~$73,913 per bitcoin. $MSTR $STRC $STRK $STRF $STRD https://t.co/DiMeJVmEVD"
2025-09-21T12:21:46.506000Z,1969738824965079419,https://x.com/saylor/status/1969738824965079419,hint_yes_strong,强买入暗示,Orange dots 系列：go up and to the right，指向新增买入点持续增加,The Orange Dots go up and to the right. pic.twitter.com/CrTo7DQ9qw
2025-09-22T12:02:11.034000Z,1970096282543783964,https://x.com/saylor/status/1970096282543783964,confirm_yes,官方确认买入,Saylor/Strategy 明确披露买入或未买入，是最终确认信号,"Strategy has acquired 850 BTC for ~$99.7 million at ~$117,344 per bitcoin and has achieved BTC Yield of 26.0% YTD 2025. As of 9/21/2025, we hodl 639,835 $BTC acquired for ~$47.33 billion at ~$73,971 per bitcoin. $MSTR $STRC $STRK $STRF $STRD https://t.co/rG5pvryeYL"
2025-09-28T12:39:39.195000Z,1972280039208304713,https://x.com/saylor/status/1972280039208304713,hint_yes_weak,弱买入暗示,人工复核降级：Always ₿e Stacking 与买入主题相关，但没有 Strategy 当期交易、dots 或时间锚,Always ₿e Stacking pic.twitter.com/XMT5rA0DYL
2025-09-29T12:01:44.044000Z,1972632884398989754,https://x.com/saylor/status/1972632884398989754,confirm_yes,官方确认买入,Saylor/Strategy 明确披露买入或未买入，是最终确认信号,"Strategy has acquired 196 BTC for ~$22.1 million at ~$113,048 per bitcoin. As of 9/28/2025, we hodl 640,031 $BTC acquired for ~$47.35 billion at ~$73,983 per bitcoin. $MSTR $STRC $STRK $STRF $STRD https://t.co/NnmLONBsRK"
2025-09-29T12:19:27.024000Z,1972637342859989454,https://x.com/saylor/status/1972637342859989454,hint_yes_weak,弱买入暗示,泛 buy/stack/HODL 语言，只能作为弱方向或市场情绪，不能单独视为 Strategy 当期买入确认,buy bitcoin
2025-09-30T12:16:11.841000Z,1972998912069038211,https://x.com/saylor/status/1972998912069038211,hint_yes_weak,弱买入暗示,人工复核降级：Orange is Coming 有方向性但语义太泛，作为弱买入/市场注意力信号处理,Orange is Coming pic.twitter.com/rzgOrEkJTd
2025-10-02T11:53:15.969000Z,1973717916974809242,https://x.com/saylor/status/1973717916974809242,hint_yes_weak,弱买入暗示,泛 buy/stack/HODL 语言，只能作为弱方向或市场情绪，不能单独视为 Strategy 当期买入确认,The Future is Orange pic.twitter.com/APvF65ekU9
2025-10-05T12:23:57.132000Z,1974812802968609278,https://x.com/saylor/status/1974812802968609278,hint_no_strong,强不买暗示,语义结构与历史 dots/orange/work/HODL 买入或不买暗示一致，需结合价格曲线看是否已被交易,No new orange dots this week — just a $9 billion reminder of why we HODL. pic.twitter.com/P84m14WF3G
2025-10-05T18:02:47.050000Z,1974898072825245874,https://x.com/saylor/status/1974898072825245874,hint_yes_weak,弱买入暗示,泛 buy/stack/HODL 语言，只能作为弱方向或市场情绪，不能单独视为 Strategy 当期买入确认,Buy Bitcoin MrBeast.
2025-10-07T12:25:56.548000Z,1975538079567106087,https://x.com/saylor/status/1975538079567106087,hint_yes_weak,弱买入暗示,泛 buy/stack/HODL 语言，只能作为弱方向或市场情绪，不能单独视为 Strategy 当期买入确认,Ride the Orange Rocket pic.twitter.com/pgfeMu2Otf
2025-10-13T12:02:59.873000Z,1977706632567001430,https://x.com/saylor/status/1977706632567001430,confirm_yes,官方确认买入,Saylor/Strategy 明确披露买入或未买入，是最终确认信号,"Strategy has acquired 220 BTC for ~$27.2 million at ~$123,561 per bitcoin and has achieved BTC Yield of 25.9% YTD 2025. As of 10/12/2025, we hodl 640,250 $BTC acquired for ~$47.38 billion at ~$74,000 per bitcoin. $MSTR $STRC $STRK $STRF $STRD https://t.co/v3IsCOaoeQ"
2025-10-19T12:08:22.928000Z,1979882314751689050,https://x.com/saylor/status/1979882314751689050,hint_yes_strong,强买入暗示,语义结构与历史 dots/orange/work/HODL 买入或不买暗示一致，需结合价格曲线看是否已被交易,The most important orange dot is always the next. pic.twitter.com/N5GQOdqr6y
2025-10-20T12:03:13.537000Z,1980243404937474444,https://x.com/saylor/status/1980243404937474444,confirm_yes,官方确认买入,Saylor/Strategy 明确披露买入或未买入，是最终确认信号,"Strategy has acquired 168 BTC for ~$18.8 million at ~$112,051 per bitcoin and has achieved BTC Yield of 26.0% YTD 2025. As of 10/19/2025, we hodl 640,418 $BTC acquired for ~$47.40 billion at ~$74,010 per bitcoin. $MSTR $STRC $STRK $STRF $STRD https://t.co/UILBHXkA6a"
2025-10-24T13:13:57.014000Z,1981710754832355569,https://x.com/saylor/status/1981710754832355569,hint_yes_weak,弱买入暗示,泛 buy/stack/HODL 语言，只能作为弱方向或市场情绪，不能单独视为 Strategy 当期买入确认,Don’t wait until your banker tells you to buy Bitcoin. https://t.co/7brBqMKAOI
2025-10-26T11:22:21.248000Z,1982407446485422228,https://x.com/saylor/status/1982407446485422228,hint_yes_strong,强买入暗示,语义结构与历史 dots/orange/work/HODL 买入或不买暗示一致，需结合价格曲线看是否已被交易,It's Orange Dot Day. pic.twitter.com/5FSGmxwoNS
2025-10-27T12:02:44.596000Z,1982779998609293775,https://x.com/saylor/status/1982779998609293775,confirm_yes,官方确认买入,Saylor/Strategy 明确披露买入或未买入，是最终确认信号,"Strategy has acquired 390 BTC for ~$43.4 million at ~$111,053 per bitcoin and has achieved BTC Yield of 26.0% YTD 2025. As of 10/26/2025, we hodl 640,808 $BTC acquired for ~$47.44 billion at ~$74,032 per bitcoin. $MSTR $STRC $STRK $STRF $STRD https://t.co/1d4Pmv8ub2"
2025-11-02T12:39:57.340000Z,1984963690609688899,https://x.com/saylor/status/1984963690609688899,hint_yes_weak,弱买入暗示,人工复核降级：Orange is the color of November 属于 orange 叙事/梗，相关但不构成强买入暗示,Orange is the color of November. pic.twitter.com/M3JoIuDpRk
2025-11-03T13:02:57.119000Z,1985331865687875598,https://x.com/saylor/status/1985331865687875598,confirm_yes,官方确认买入,Saylor/Strategy 明确披露买入或未买入，是最终确认信号,"Strategy has acquired 397 BTC for ~$45.6 million at ~$114,771 per bitcoin and has achieved BTC Yield of 26.1% YTD 2025. As of 11/2/2025, we hodl 641,205 $BTC acquired for ~$47.49 billion at ~$74,057 per bitcoin. $MSTR $STRC $STRK $STRF $STRD https://t.co/gEuzDaloRb"
2025-11-08T14:28:16.207000Z,1987165276027105557,https://x.com/saylor/status/1987165276027105557,hint_yes_weak,弱买入暗示,泛 buy/stack/HODL 语言，只能作为弱方向或市场情绪，不能单独视为 Strategy 当期买入确认,₿uy Now
2025-11-10T13:02:00.792000Z,1987868344494489809,https://x.com/saylor/status/1987868344494489809,confirm_yes,官方确认买入,Saylor/Strategy 明确披露买入或未买入，是最终确认信号,"Strategy has acquired 487 BTC for ~$49.9 million at ~$102,557 per bitcoin and has achieved BTC Yield of 26.1% YTD 2025. As of 11/9/2025, we hodl 641,692 $BTC acquired for ~$47.54 billion at ~$74,079 per bitcoin. $MSTR $STRC $STRD $STRE $STRF $STRK https://t.co/jTEikuB5RY"
2025-11-14T12:22:47.329000Z,1989308024817598534,https://x.com/saylor/status/1989308024817598534,hint_no_weak,弱不买暗示,泛 buy/stack/HODL 语言，只能作为弱方向或市场情绪，不能单独视为 Strategy 当期买入确认,HODL pic.twitter.com/sQysm4i88t
2025-11-14T14:19:38.176000Z,1989337430441271341,https://x.com/saylor/status/1989337430441271341,hint_yes_weak,弱买入暗示,泛 buy/stack/HODL 语言，只能作为弱方向或市场情绪，不能单独视为 Strategy 当期买入确认,We are ₿uying. pic.twitter.com/6g11E9G6pO
2025-11-14T21:11:59.665000Z,1989441203767771389,https://x.com/saylor/status/1989441203767771389,hint_yes_strong,强买入暗示,语义结构与历史 dots/orange/work/HODL 买入或不买暗示一致，需结合价格曲线看是否已被交易,We bought bitcoin every day this week.
2025-11-17T13:26:09.055000Z,1990411134009061658,https://x.com/saylor/status/1990411134009061658,confirm_yes,官方确认买入,Saylor/Strategy 明确披露买入或未买入，是最终确认信号,"Strategy has acquired 8,178 BTC for ~$835.6 million at ~$102,171 per bitcoin and has achieved BTC Yield of 27.8% YTD 2025. As of 11/16/2025, we hodl 649,870 $BTC acquired for ~$48.37 billion at ~$74,433 per bitcoin. $MSTR $STRC $STRD $STRE $STRF $STRK https://t.co/HI1TeYOvQ9"
2025-11-22T13:21:59.553000Z,1992222026849829155,https://x.com/saylor/status/1992222026849829155,hint_no_strong,强不买暗示,语义结构与历史 dots/orange/work/HODL 买入或不买暗示一致，需结合价格曲线看是否已被交易,Did you HODL this week?
2025-11-30T13:14:27.850000Z,1995119235194855696,https://x.com/saylor/status/1995119235194855696,hint_yes_strong,强买入暗示,Green dots 系列：What if we start adding green dots，语义是开始新增买入点,What if we start adding green dots? pic.twitter.com/a19bD33KzD
2025-12-01T13:04:20.140000Z,1995479074139988225,https://x.com/saylor/status/1995479074139988225,confirm_yes,官方确认买入,Saylor/Strategy 明确披露买入或未买入，是最终确认信号,"Strategy has acquired 130 BTC for ~$11.7 million at ~$89,960 per bitcoin. As of 11/30/2025, we hodl 650,000 $BTC acquired for ~$48.38 billion at ~$74,436 per bitcoin. $MSTR $STRC $STRK $STRF $STRD $STRE https://t.co/UkWX7PRHms"
2025-12-02T14:27:34.242000Z,1995862408787886293,https://x.com/saylor/status/1995862408787886293,hint_yes_strong,强买入暗示,语义结构与历史 dots/orange/work/HODL 买入或不买暗示一致，需结合价格曲线看是否已被交易,₿ack to work pic.twitter.com/qd6E8R29Np
2025-12-07T13:58:52.719000Z,1997667127524798588,https://x.com/saylor/status/1997667127524798588,hint_yes_strong,强买入暗示,语义结构与历史 dots/orange/work/HODL 买入或不买暗示一致，需结合价格曲线看是否已被交易,₿ack to Orange Dots? pic.twitter.com/npB0NWSZ52
2025-12-08T13:03:50.849000Z,1998015666344054815,https://x.com/saylor/status/1998015666344054815,confirm_yes,官方确认买入,Saylor/Strategy 明确披露买入或未买入，是最终确认信号,"Strategy has acquired 10,624 BTC for ~$962.7 million at ~$90,615 per bitcoin and has achieved BTC Yield of 24.7% YTD 2025. As of 12/7/2025, we hodl 660,624 $BTC acquired for ~$49.35 billion at ~$74,696 per bitcoin. $MSTR $STRC $STRK $STRF $STRD $STRE https://t.co/oyLwSuW7nW"
2025-12-14T13:34:33.629000Z,2000197722716962874,https://x.com/saylor/status/2000197722716962874,hint_yes_strong,强买入暗示,语义结构与历史 dots/orange/work/HODL 买入或不买暗示一致，需结合价格曲线看是否已被交易,₿ack to More Orange Dots. pic.twitter.com/rBi1aagDVO
2025-12-15T13:03:47.933000Z,2000552369172701538,https://x.com/saylor/status/2000552369172701538,confirm_yes,官方确认买入,Saylor/Strategy 明确披露买入或未买入，是最终确认信号,"Strategy has acquired 10,645 BTC for ~$980.3 million at ~$92,098 per bitcoin and has achieved BTC Yield of 24.9% YTD 2025. As of 12/14/2025, we hodl 671,268 $BTC acquired for ~$50.33 billion at ~$74,972 per bitcoin. $MSTR $STRC $STRK $STRF $STRD $STRE https://t.co/VdAz7pqce1"
2025-12-18T12:42:32.783000Z,2001634184402817026,https://x.com/saylor/status/2001634184402817026,hint_yes_strong,强买入暗示,语义结构与历史 dots/orange/work/HODL 买入或不买暗示一致，需结合价格曲线看是否已被交易,₿ack to Work pic.twitter.com/qNoohqcb2O
2025-12-21T14:40:09.343000Z,2002750945357435383,https://x.com/saylor/status/2002750945357435383,hint_yes_strong,强买入暗示,Dots 系列：Green Dots beget Orange Dots，语义是点位延续/新增,Green Dots ₿eget Orange Dots. pic.twitter.com/aLdvPe4YuG
2025-12-28T13:39:23.774000Z,2005272369791955273,https://x.com/saylor/status/2005272369791955273,hint_yes_weak,弱买入暗示,人工复核降级：Back to Orange 与买入主题相关，但没有 dots/work/当期交易指向,Back to Orange. pic.twitter.com/J3lnpOObER
2025-12-29T13:02:10.418000Z,2005625390283497952,https://x.com/saylor/status/2005625390283497952,confirm_yes,官方确认买入,Saylor/Strategy 明确披露买入或未买入，是最终确认信号,"Strategy has acquired 1,229 BTC for ~$108.8 million at ~$88,568 per bitcoin and has achieved BTC Yield of 23.2% YTD 2025. As of 12/28/2025, we hodl 672,497 $BTC acquired for ~$50.44 billion at ~$74,997 per bitcoin. $MSTR $STRC $STRK $STRF $STRD $STRE https://t.co/5VvOgBYwhk"
2025-12-31T14:17:15.096000Z,2006369060003746080,https://x.com/saylor/status/2006369060003746080,hint_yes_weak,弱买入暗示,泛 buy/stack/HODL 语言，只能作为弱方向或市场情绪，不能单独视为 Strategy 当期买入确认,Did you end the year with more Bitcoin than you started with?
2026-01-05T13:03:02.574000Z,2008162324100640955,https://x.com/saylor/status/2008162324100640955,confirm_yes,官方确认买入,Saylor/Strategy 明确披露买入或未买入，是最终确认信号,"Strategy has acquired 1,287 BTC to increase its BTC Reserve to ₿673,783 and has increased its USD Reserve by $62 million to $2.25 billion. $MSTR https://t.co/Cv8jD80kQC"
2026-01-12T13:02:43.564000Z,2010698959426105389,https://x.com/saylor/status/2010698959426105389,confirm_yes,官方确认买入,Saylor/Strategy 明确披露买入或未买入，是最终确认信号,"Strategy has acquired 13,627 BTC for ~$1.25 billion at ~$91,519 per bitcoin. As of 1/11/2026, we hodl 687,410 $BTC acquired for ~$51.80 billion at ~$75,353 per bitcoin. $MSTR $STRC https://t.co/5UttS1LCy2"
2026-01-18T13:07:55.414000Z,2012874594613416217,https://x.com/saylor/status/2012874594613416217,hint_yes_weak,弱买入暗示,人工复核升级：Bigger Orange 属于 orange 图像/梗的弱买入暗示，且分钟级价格快速上冲；但缺少 dots/Strategy 买入字样，后验为误导/假阳性,₿igger Orange. pic.twitter.com/HI47hMCnui
2026-01-20T13:02:46.497000Z,2013598074652762294,https://x.com/saylor/status/2013598074652762294,confirm_yes,官方确认买入,Saylor/Strategy 明确披露买入或未买入，是最终确认信号,"Strategy has acquired 22,305 BTC for ~$2.13 billion at ~$95,284 per bitcoin. As of 1/19/2026, we hodl 709,715 $BTC acquired for ~$53.92 billion at ~$75,979 per bitcoin. $MSTR $STRC https://t.co/pJM0Yuy32w"
2026-01-22T14:22:10.168000Z,2014342830668263718,https://x.com/saylor/status/2014342830668263718,hint_yes_weak,弱买入暗示,泛 buy/stack/HODL 语言，只能作为弱方向或市场情绪，不能单独视为 Strategy 当期买入确认,Thinking about buying more bitcoin.
2026-01-26T13:03:15.942000Z,2015772525347635641,https://x.com/saylor/status/2015772525347635641,confirm_yes,官方确认买入,Saylor/Strategy 明确披露买入或未买入，是最终确认信号,"Strategy has acquired 2,932 BTC for ~$264.1 million at ~$90,061 per bitcoin. As of 1/25/2026, we hodl 712,647 $BTC acquired for ~$54.19 billion at ~$76,037 per bitcoin. $MSTR $STRC https://t.co/RooLfEvniX"
2026-02-01T14:08:32.996000Z,2017963281856545191,https://x.com/saylor/status/2017963281856545191,hint_yes_strong,强买入暗示,语义结构与历史 dots/orange/work/HODL 买入或不买暗示一致，需结合价格曲线看是否已被交易,More Orange. pic.twitter.com/b5iYIMARJX
2026-02-02T13:02:25.863000Z,2018309030360363422,https://x.com/saylor/status/2018309030360363422,confirm_yes,官方确认买入,Saylor/Strategy 明确披露买入或未买入，是最终确认信号,"Strategy has acquired 855 BTC for ~$75.3 million at ~$87,974 per bitcoin. As of 2/1/2026, we hodl 713,502 $BTC acquired for ~$54.26 billion at ~$76,052 per bitcoin. $MSTR $STRC https://t.co/tYTGMwPPUF"
2026-02-03T13:40:21.463000Z,2018680962784145871,https://x.com/saylor/status/2018680962784145871,hint_yes_weak,弱买入暗示,泛 buy/stack/HODL 语言，只能作为弱方向或市场情绪，不能单独视为 Strategy 当期买入确认,The Rules of Bitcoin 1. Buy Bitcoin 2. Don't Sell the Bitcoin
2026-02-05T15:01:53.038000Z,2019426255268204617,https://x.com/saylor/status/2019426255268204617,hint_no_weak,弱不买暗示,泛 buy/stack/HODL 语言，只能作为弱方向或市场情绪，不能单独视为 Strategy 当期买入确认,HODL
2026-02-08T13:16:23.628000Z,2020486871394992570,https://x.com/saylor/status/2020486871394992570,hint_yes_strong,强买入暗示,Orange dots 系列：Orange Dots Matter，语义偏新增买入点提示,Orange Dots Matter. pic.twitter.com/QYLQpgoWbQ
2026-02-09T13:03:52.234000Z,2020846107685695931,https://x.com/saylor/status/2020846107685695931,confirm_yes,官方确认买入,Saylor/Strategy 明确披露买入或未买入，是最终确认信号,"Strategy has acquired 1,142 BTC for ~$90.0 million at ~$78,815 per bitcoin. As of 2/8/2026, we hodl 714,644 $BTC acquired for ~$54.35 billion at ~$76,056 per bitcoin. $MSTR $STRC https://t.co/4X2c81LQwm"
2026-02-17T13:02:33.548000Z,2023744880577548457,https://x.com/saylor/status/2023744880577548457,confirm_yes,官方确认买入,Saylor/Strategy 明确披露买入或未买入，是最终确认信号,"Strategy has acquired 2,486 BTC for ~$168.4 million at ~$67,710 per bitcoin. As of 2/16/2026, we hodl 717,131 $BTC acquired for ~$54.52 billion at ~$76,027 per bitcoin. $MSTR $STRC https://t.co/wvxRYZlQ3Y"
2026-02-23T13:03:16.347000Z,2025919387283099870,https://x.com/saylor/status/2025919387283099870,confirm_yes,官方确认买入,Saylor/Strategy 明确披露买入或未买入，是最终确认信号,"Strategy has acquired 592 BTC for ~$39.8 million at ~$67,286 per bitcoin. As of 2/22/2026, we hodl 717,722 $BTC acquired for ~$54.56 billion at ~$76,020 per bitcoin. $MSTR $STRC https://t.co/jSQroB4LnE"
2026-02-26T15:05:31.642000Z,2027037317337412040,https://x.com/saylor/status/2027037317337412040,hint_yes_weak,弱买入暗示,人工复核降级：Need a bigger orange bag 与 orange/stacking 相关，但不是明确新增 dots 或 Strategy 买入,Need a bigger orange bag. pic.twitter.com/DoVuklGMFr
2026-03-02T13:02:42.930000Z,2028455962181574791,https://x.com/saylor/status/2028455962181574791,confirm_yes,官方确认买入,Saylor/Strategy 明确披露买入或未买入，是最终确认信号,"Strategy has acquired 3,015 BTC for ~$204.1 million at ~$67,700 per bitcoin. As of 3/1/2026, we hodl 720,737 $BTC acquired for ~$54.77 billion at ~$75,985 per bitcoin. $MSTR $STRC https://t.co/rqDIhlUDNx"
2026-03-03T16:36:43.196000Z,2028872206025998707,https://x.com/saylor/status/2028872206025998707,hint_yes_weak,弱买入暗示,泛 buy/stack/HODL 语言，只能作为弱方向或市场情绪，不能单独视为 Strategy 当期买入确认,I'm buying bitcoin right now. Are you?
2026-03-04T16:48:12.425000Z,2029237484727542226,https://x.com/saylor/status/2029237484727542226,hint_yes_weak,弱买入暗示,泛 buy/stack/HODL 语言，只能作为弱方向或市场情绪，不能单独视为 Strategy 当期买入确认,We can buy more Bitcoin than they can sell.
2026-03-09T12:01:17.333000Z,2030977218726244562,https://x.com/saylor/status/2030977218726244562,confirm_yes,官方确认买入,Saylor/Strategy 明确披露买入或未买入，是最终确认信号,"Strategy has acquired 17,994 BTC for ~$1.28 billion at ~$70,946 per bitcoin. As of 3/8/2026, we hodl 738,731 $BTC acquired for ~$56.04 billion at ~$75,862 per bitcoin. $MSTR $STRC https://t.co/wB1k3Nt1xa"
2026-03-15T11:47:44.745000Z,2033148137678704725,https://x.com/saylor/status/2033148137678704725,hint_yes_strong,强买入暗示,Orange dots 系列：Stretch the Orange Dots，语义偏新增/拉长买入点,Stretch the Orange Dots. pic.twitter.com/WMVPUxlIcx
2026-03-16T12:01:50.800000Z,2033514074156179922,https://x.com/saylor/status/2033514074156179922,confirm_yes,官方确认买入,Saylor/Strategy 明确披露买入或未买入，是最终确认信号,"Strategy has acquired 22,337 BTC for ~$1.57 billion at ~$70,194 per bitcoin. As of 3/15/2026, we hodl 761,068 $BTC acquired for ~$57.61 billion at ~$75,696 per bitcoin. $MSTR $STRC https://t.co/6hv6PjzOKQ"
2026-03-23T12:03:03.540000Z,2036051094309068931,https://x.com/saylor/status/2036051094309068931,confirm_yes,官方确认买入,Saylor/Strategy 明确披露买入或未买入，是最终确认信号,"Strategy has acquired 1,031 BTC for ~$76.6 million at ~$74,326 per bitcoin. As of 3/22/2026, we hodl 762,099 $BTC acquired for ~$57.69 billion at ~$75,694 per bitcoin. $MSTR $STRC https://t.co/SELVmAz9WA"
2026-04-03T17:45:07.918000Z,2040123446311481643,https://x.com/saylor/status/2040123446311481643,hint_yes_weak,弱买入暗示,泛 buy/stack/HODL 语言，只能作为弱方向或市场情绪，不能单独视为 Strategy 当期买入确认,It’s a Good Friday to buy Bitcoin.
2026-04-05T12:38:19.177000Z,2040771010186596441,https://x.com/saylor/status/2040771010186596441,hint_yes_strong,强买入暗示,语义结构与历史 dots/orange/work/HODL 买入或不买暗示一致，需结合价格曲线看是否已被交易,₿ack to Work. pic.twitter.com/mbZTWiNUct
2026-04-06T12:05:37.987000Z,2041125172225192100,https://x.com/saylor/status/2041125172225192100,confirm_yes,官方确认买入,Saylor/Strategy 明确披露买入或未买入，是最终确认信号,"Strategy has acquired 4,871 BTC for ~$329.9 million at ~$67,718 per bitcoin. As of 4/5/2026, we hold 766,970 $BTC acquired for ~$58.02 billion at ~$75,644 per bitcoin. $MSTR $STRC https://t.co/dWgTMEgOgX"
2026-04-09T12:43:20.175000Z,2042221824126144607,https://x.com/saylor/status/2042221824126144607,hint_yes_weak,弱买入暗示,人工复核降级：Still stacking 与买入主题相关，但没有 Strategy 当期交易、dots 或时间锚,Still stacking. $BTC
2026-04-13T12:02:34.170000Z,2043661116300050583,https://x.com/saylor/status/2043661116300050583,confirm_yes,官方确认买入,Saylor/Strategy 明确披露买入或未买入，是最终确认信号,"Strategy has acquired 13,927 BTC for ~$1.00 billion at ~$71,902 per bitcoin and has achieved BTC Yield of 5.6% YTD 2026. As of 4/12/2026, we hodl 780,897 $BTC acquired for ~$59.02 billion at ~$75,577 per bitcoin. $MSTR $STRC https://t.co/xVKjg2cEVP"
2026-04-19T20:57:06.327000Z,2045969963869945893,https://x.com/saylor/status/2045969963869945893,hint_yes_weak,弱买入暗示,人工复核降级：Incoming... 有市场注意力价值，但文本本身未说明 incoming 的对象，降为弱买入,Incoming... pic.twitter.com/JqwzvJpca1
2026-04-20T12:02:24.602000Z,2046197791228068167,https://x.com/saylor/status/2046197791228068167,confirm_yes,官方确认买入,Saylor/Strategy 明确披露买入或未买入，是最终确认信号,"Strategy has acquired 34,164 BTC for ~$2.54 billion at ~$74,395 per bitcoin and has achieved BTC Yield of 9.5% YTD 2026. As of 4/19/2026, we hodl 815,061 $BTC acquired for ~$61.56 billion at ~$75,527 per bitcoin. $MSTR $STRC https://t.co/ifGXjMeIZH"
2026-04-24T12:23:33.797000Z,2047652666080125235,https://x.com/saylor/status/2047652666080125235,hint_yes_weak,弱买入暗示,人工复核降级：The Future is Orange 属于 orange 叙事/梗，相关但不构成强买入暗示,The Future is Orange pic.twitter.com/kU67FdwYj9
2026-04-27T12:02:19.579000Z,2048734485219602740,https://x.com/saylor/status/2048734485219602740,confirm_yes,官方确认买入,Saylor/Strategy 明确披露买入或未买入，是最终确认信号,"Strategy has acquired 3,273 BTC for ~$255.0 million at ~$77,906 per bitcoin and has achieved BTC Yield of 9.6% YTD 2026. As of 4/26/2026, we hodl 818,334 $BTC acquired for ~$61.81 billion at ~$75,537 per bitcoin. $MSTR $STRC https://t.co/HnXQ1OY6Yv"
2026-05-03T13:17:07.666000Z,2050927636814168433,https://x.com/saylor/status/2050927636814168433,hint_no_strong,强不买暗示,明确不买：No buys this week，并说明 next week 再工作,No buys this week. Back to work next week. $BTC pic.twitter.com/lqliYZPAf4
2026-05-07T14:26:57.807000Z,2052394763001761817,https://x.com/saylor/status/2052394763001761817,hint_yes_weak,弱买入暗示,泛 buy/stack/HODL 语言，只能作为弱方向或市场情绪，不能单独视为 Strategy 当期买入确认,Buy more bitcoin than you sell.
2026-05-09T21:28:17.362000Z,2053225568871780548,https://x.com/saylor/status/2053225568871780548,hint_yes_weak,弱买入暗示,泛 buy/stack/HODL 语言，只能作为弱方向或市场情绪，不能单独视为 Strategy 当期买入确认,"My latest thoughts on $BTC , $STRC , and $MSTR with @TheBonnieChang and @davidlin_TV at Consensus 2026. 0:00 - Strategy’s Bitcoin sale controversy 0:36 - Why Strategy may sell Bitcoin 3:12 - “Never sell your Bitcoin” explained 4:40 - How Strategy buys more Bitcoin than it sells… pic.twitter.com/mQQJefM3mH"
2026-05-10T11:25:50.137000Z,2053436344286769483,https://x.com/saylor/status/2053436344286769483,hint_yes_strong,强买入暗示,明确反转工作暗示：Back to work，承接前一周 no buys，指向本周恢复买入,Back to work. $BTC pic.twitter.com/HLbBv5Sbbx
2026-05-11T12:02:39.524000Z,2053807998993150151,https://x.com/saylor/status/2053807998993150151,confirm_yes,官方确认买入,Saylor/Strategy 明确披露买入或未买入，是最终确认信号,"Strategy has acquired 535 BTC for ~$43.0 million at ~$80,340 per bitcoin and has achieved BTC Yield of 9.4% YTD 2026. As of 5/10/2026, we hodl 818,869 $BTC acquired for ~$61.86 billion at ~$75,540 per bitcoin. $MSTR $STRC https://t.co/qScHXi2BBJ"
